PROVINCIA;MUNICIPIO;ESTACION;MAGNITUD;PUNTO_MUESTREO;ANNO;MES;D01;D02;D03;D04;D05;D06;D07;D08;D09;D10;D11;D12;D13;D14;D15;D16;D17;D18;D19;D20;D21;D22;D23;D24;D25;D26;D27;D28;D29;D30;D31
1;59;9;27;01059009_27_M;2019;1;0.4;;;;0.6;;;;0.1;;;;0.05;;;;0.1;;;;0.05;;;;0.05;;;;0.05;;0.05
1;59;9;27;01059009_27_M;2019;2;;0.05;;0.2;;0.3;;;;0.05;;;;0.2;;0.1;;0.3;;;;0.3;;0.2;;;0.3;;;;
1;59;9;27;01059009_27_M;2019;3;;0.2;;;;0.05;;;;0.05;;;;0.05;;;;0.05;;;;0.1;;;;0.05;;;;0.05;
1;59;9;27;01059009_27_M;2019;4;;;0.05;;;;0.05;;;;0.05;;;;0.05;;;;0.05;;;0.05;;;;;0.05;;;0.05;
1;59;9;27;01059009_27_M;2019;5;;;;0.05;;;0.05;;0.05;;;0.05;;;;0.05;;;;0.05;;;;0.05;;;0.05;;;;
1;59;9;27;01059009_27_M;2019;6;;0.05;;;;;;;0.05;;0.05;;0.05;;0.05;;0.05;;0.05;;0.05;;0.05;;0.05;;0.05;;0.05;;
2;3;1;27;02003001_27_M;2019;6;;;;;;;0.0111;0.0042;0.0084;0.0056;0.007;0.0056;0.0028;0.007;0.0056;0.0097;0.0084;0.007;0.0042;0.007;;;;;;0.0125;0.0153;0.0042;0.0053;0.0042;
1;59;9;27;01059009_27_M;2019;7;0.05;;;;0.05;;;;0.05;;;;0.05;;;;0.05;;0.05;;0.05;;;;0.05;;0.05;;0.05;;
1;59;9;27;01059009_27_M;2019;8;0.05;;;;0.05;;;;0.05;;;;0.05;;0.05;;0.05;;;;0.05;;;;0.05;;;;0.05;;
1;59;9;27;01059009_27_M;2019;9;0.05;;0.05;;0.05;;;;0.05;;;;0.05;;;;0.05;;;;0.05;;0.05;;0.05;;;0.05;;;
1;59;9;27;01059009_27_M;2019;10;0.05;;;;0.05;;;;0.05;;;;0.05;;;;0.05;;;;0.05;;;;0.05;;;;0.05;;
1;59;9;27;01059009_27_M;2019;11;0.05;;0.05;;0.05;;;;0.05;;;;0.05;;;;0.05;;;;0.05;;;;0.05;;;0.05;;;
1;59;9;27;01059009_27_M;2019;12;0.05;;;;0.05;;;;0.05;;0.05;;0.05;;;;0.05;;;;0.05;;;;0.05;;;;0.05;;
2;3;1;27;02003001_27_M;2019;1;;;;;;;;;;;;;;;;;;;;;;;;;;;;;;;
2;3;1;27;02003001_27_M;2019;2;;;;;;;;;;;;;;;;;;;;;;;;;;;0.4889;;;;
2;3;1;27;02003001_27_M;2019;3;;0.1198;0.0571;0.032;0.0362;0.0195;0.0515;0.0821;0.1211;0.0557;0.0501;0.0418;0.0404;;0.0641;;;;;;;0.0473;0.0403;0.0265;0.0237;0.0167;0.0056;0.0237;0.0028;0.0056;0.0028
2;3;1;27;02003001_27_M;2019;4;0.007;0.0264;0.0056;0.0111;;;;;0.0139;0.0334;0.0278;0.0278;0.0473;0.0237;0.0292;0.0042;0.0083;0.0236;0.0083;0.0111;0.0167;0.0111;;;0.0139;0.0223;0.0251;0.0084;0.0056;0.0042;
2;3;1;27;02003001_27_M;2019;5;0.0042;0.0042;0.0042;0.0139;0.0139;0.0111;0.0084;0.0056;;;0.007;0.007;0.0056;0.007;0.0056;0.0028;0.007;0.0097;0.0181;0.0153;0.0084;0.0097;0.0056;0.0083;;;;;;;
2;3;1;27;02003001_27_M;2019;7;0.007;0.0084;0.0084;0.0097;0.0097;0.0097;0.007;0.0111;0.0056;;;0.007;0.0139;0.0181;0.0084;0.007;0.007;0.0111;0.0056;0.0111;0.007;0.007;0.007;0.007;0.0028;;;;;0.0014;0.0014
2;3;1;27;02003001_27_M;2019;8;0.0014;0.0014;0.0014;0.0014;0.0014;0.0014;0.0014;0.0014;0.0014;0.0014;0.007;0.0014;;;0.0014;0.0014;0.0014;0.0014;0.0042;0.0014;0.0014;0.0014;0.0014;0.0014;0.0014;0.0014;0.007;0.0042;;;
2;3;1;27;02003001_27_M;2019;9;;;0.0014;0.0014;0.0014;0.0014;0.0014;0.0014;0.0014;0.0014;0.0014;0.0014;0.0014;0.0028;0.0014;0.0042;;;;0.0014;0.0042;0.0014;0.0418;0.0209;0.0014;0.0042;0.0014;0.0084;0.0014;0.0209;
3;9;6;27;03009006_27_M;2019;1;;;;;;;;;;;;;;;;;;;;;;;;;;;;;;;
3;9;6;27;03009006_27_M;2019;2;;;;;;;;;;;;;;;;;;;;;;;;;;;;;;;
3;9;6;27;03009006_27_M;2019;3;;;;;;;;;;;;;;;;;;;;;;;;;;;;;;;
3;9;6;27;03009006_27_M;2019;4;;;;;;;;;;;;;;;;;;;;;;;;;;;;;;;
3;9;6;27;03009006_27_M;2019;5;;;;;;;;;;;;;;;;;;;;;;;;;;;;;;;
3;9;6;27;03009006_27_M;2019;6;;;;;;;;;;;;;;;;;;;;;;;;;;;;;;;
3;9;6;27;03009006_27_M;2019;7;;;;;0.04;;;;;;;;0.04;;;;;;;;;;;;;;;;0.04;;
3;9;6;27;03009006_27_M;2019;8;;;;;;0.04;;;;;;;;;;;;;;;;;;;;;;;;;
3;9;6;27;03009006_27_M;2019;9;;;;;;;;;;;;;;;;;;;;;;;;;;;;;;;
3;9;6;27;03009006_27_M;2019;10;;;;;;;;;;;;;;;;;;;;;;;;;;;;;;;
3;9;6;27;03009006_27_M;2019;11;;;;;;;;;;;;;;;;;;;;;;;;;;;;;;;
3;9;6;27;03009006_27_M;2019;12;;;;;;;;;;;;;;;;;;;;;;;;;;;;;;;
3;14;6;27;03014006_27_M;2019;1;;;;;;;;;;;;;;;;;;;;;;;;;;;;;;;
3;14;6;27;03014006_27_M;2019;2;;;;;;;;;;;;;;;;;;;;;;;;;;;;;;;
3;14;6;27;03014006_27_M;2019;3;;;;;;;;;;;;;;;;;;;;;;;;;;;;;;;
3;14;6;27;03014006_27_M;2019;4;;;;;;;;;;;;;;;;;;;;;;;;;;;;;;;
3;14;6;27;03014006_27_M;2019;5;;;;;;;;;;;;;;;;;;;;;;;;;;;;;;;
3;14;6;27;03014006_27_M;2019;6;;;;;;;;;;;;;;;;;;;;;;;;;;;;;;;
3;14;6;27;03014006_27_M;2019;7;;;;;0.04;;;;;;;;0.04;;;;0.04;;;;0.04;;;;;;;;;;
3;14;6;27;03014006_27_M;2019;8;;;;;;0.04;;;;;;;;;;;;;;;;;;;;;;;;;
3;14;6;27;03014006_27_M;2019;9;;;;;;;;;;;;;;;;;;;;;;;;;;;;;;;
3;14;6;27;03014006_27_M;2019;10;;;;;;;;;;;;;;;;;;;;;;;;;;;;;;;
3;14;6;27;03014006_27_M;2019;11;;;;;;;;;;;;;;;;;;;;;;;;;;;;;;;
3;14;6;27;03014006_27_M;2019;12;;;;;;;;;;;;0.04;;;;;;;;;;;;;;;;;;;
3;65;6;27;03065006_27_M;2019;1;;;;;;;;;;;;;;;;;;;;;;;;;;;;;;;
3;65;6;27;03065006_27_M;2019;2;;;;;;;;;;;;;;;;;;;;;;;;;;;;;;;
3;65;6;27;03065006_27_M;2019;3;;;;;;;;;;;;;;;;;;;;;;;;;;;;;;;
3;65;6;27;03065006_27_M;2019;4;;;;;;;;;;;;;;;;;;;;;;;;;;;;;;;
3;65;6;27;03065006_27_M;2019;5;;;;;;;;;;;;;;;;;;;;;;;;;;;;;;;
3;65;6;27;03065006_27_M;2019;6;;;;;;;;;;;;;;;;;;;;;;;;;;;;;;;
3;65;6;27;03065006_27_M;2019;7;;;;;0.04;;;;;;;;0.04;;;;0.04;;;;;;;;;;;;;;
3;65;6;27;03065006_27_M;2019;8;;;;;;;;;;;;;;;;;;;;;;;;;;;;;;;
3;65;6;27;03065006_27_M;2019;9;;;;;;;;;;;;;;;;;;;;;;;;;;;;;;;
3;65;6;27;03065006_27_M;2019;10;;;;;;;;;;;;;;;;;;;;;;;;;;;;;;;
3;65;6;27;03065006_27_M;2019;11;;;;;;;;;;;;;;;;;;;;;;;;;;;;;;;
3;65;6;27;03065006_27_M;2019;12;;;;;;;;;;;;;;;;;;;;;;;;;;;;;;;
3;65;7;27;03065007_27_M;2019;1;;;;;;;;;;;;;;;;;;;;;;;;;;;;;;;
3;65;7;27;03065007_27_M;2019;2;;;;;;;;;;;;;;;;;;;;;;;;;;;;;;;
3;65;7;27;03065007_27_M;2019;3;;;;;;;;;;;0.0;;;;;;;;;;;;;;1.0;;;;;;
3;65;7;27;03065007_27_M;2019;4;;;;;;;;;;;;;;;;;;;;;;;;;;;;;;;
3;65;7;27;03065007_27_M;2019;5;;;;;;;;;;;;;;;;;;;;;;;;;;;;;;;
3;65;7;27;03065007_27_M;2019;6;;;;;;;;;;;;;;;;;;;;;;;;;;;;;;;
3;65;7;27;03065007_27_M;2019;7;;;;;;;;;;;0.04;;0.04;;;;;;;;;;;;;;;;0.04;;
3;65;7;27;03065007_27_M;2019;8;;;;;;0.04;;;;;0.04;;;;;;;;;;;;;;;;;;;;
3;65;7;27;03065007_27_M;2019;9;;;;;;;;;;;;;;;;;;;;;;;;;;;;;;;
3;65;7;27;03065007_27_M;2019;10;;;;;;;;;;;;;;;;;;;;;;;;;;;;;;;
3;65;7;27;03065007_27_M;2019;11;;;;;;;;;;;;;;;;;;;;;;;;;;;;;;;
3;65;7;27;03065007_27_M;2019;12;;;;;;;;;;;;;;;;;;;;;;;;;;;;;;;
4;13;4;27;04013004_27_M;2019;3;;0.091;;0.091;;0.091;;0.091;;0.09;;;0.091;;0.091;;0.091;;0.091;;;;;;;;;;;;
2;3;1;27;02003001_27_M;2019;10;0.0125;0.0209;0.0292;;;;;0.0014;0.0056;0.0014;0.0014;0.0028;0.0028;0.0028;0.0139;0.0836;0.0529;0.039;0.0167;0.0153;0.0543;;;;;0.1239;0.0181;0.1058;0.0682;0.0403;0.0343
2;3;1;27;02003001_27_M;2019;11;0.0139;0.0083;0.0042;0.0125;0.0195;0.0431;0.0375;0.0222;;;;0.0362;0.0362;0.0125;0.0334;0.0529;0.0362;0.0584;0.0779;0.0612;0.0431;0.0222;0.0139;0.0459;0.0347;;;0.0264;0.0361;0.0404;
2;3;1;27;02003001_27_M;2019;12;0.0668;0.0083;0.0125;0.057;0.0347;0.0765;0.1544;0.0487;0.0501;0.1113;0.2377;;;;;;;;;;;;;;;;;;;;
4;13;4;27;04013004_27_M;2019;1;;;;;;;;;;;;;;;;;;;;;;;;;;;;;;;
4;13;4;27;04013004_27_M;2019;2;;;;;;;;;;;;;;;;;;;;;;;;;;;;;;;
4;13;4;27;04013004_27_M;2019;4;;0.091;;0.091;;0.091;;0.091;;0.091;;;;;;;0.091;;0.091;;0.091;;0.091;;0.091;;;;;;
4;13;4;27;04013004_27_M;2019;5;;;;;;0.091;;;;;;0.091;;;;;;0.091;;;;;;0.091;;;;;;0.091;
4;13;4;27;04013004_27_M;2019;6;;;;;0.091;;;;;;0.091;;;;;;0.091;;;;;;0.091;;;;;;0.091;;
4;13;4;27;04013004_27_M;2019;7;;;;;0.091;;;;;;0.091;;;;;;0.091;;;;;;0.09;;;;;;0.091;;
4;13;4;27;04013004_27_M;2019;8;;;;0.091;;;;;;0.091;;;;;;0.091;;;;;;0.091;;;;;;0.091;;;
4;13;4;27;04013004_27_M;2019;9;;;;;;0.091;;;;;;0.091;;;;;;0.091;;;;;;0.091;;;;;;0.091;
4;13;4;27;04013004_27_M;2019;10;;;;;;0.09;;;;;;0.091;;;;;;0.13;;;;;;0.091;;;;;;0.091;
4;13;4;27;04013004_27_M;2019;12;;;;;0.091;;;;;;0.091;;;;;;0.091;;;;;;0.091;;;;;;0.091;;
4;32;5;27;04032005_27_M;2019;1;;;;;;;;;;;;;;;;;;;;;;;;;;;;;;;
4;32;5;27;04032005_27_M;2019;2;;;;;;;;;;;;;;;;;;;;;;;;;;;;;;;
4;32;5;27;04032005_27_M;2019;3;;0.091;;0.09;;0.091;;0.091;;0.27;;;;;;0.091;;0.091;;0.091;;0.091;;;;;;;;;
4;32;5;27;04032005_27_M;2019;4;;0.091;;0.091;;0.091;;0.091;;0.091;;;;;;;;0.091;;0.091;;0.091;;0.091;;0.091;;;;;
4;32;5;27;04032005_27_M;2019;5;;;;;;0.091;;;;;;0.091;;;;;;0.091;;;;;;0.091;;;;;;0.091;
4;32;5;27;04032005_27_M;2019;6;;;;;0.091;;;;;;0.091;;;;;;0.091;;;;;;0.091;;;;;;0.091;;
4;32;5;27;04032005_27_M;2019;11;;;;;0.091;;;;;;0.091;;;;;;0.091;;;;;;0.091;;;;;;0.091;;
4;13;4;27;04013004_27_M;2019;11;;;;;0.091;;;;;;0.091;;;;;;0.091;;;;;;0.091;;;;;;0.091;;
4;32;5;27;04032005_27_M;2019;7;;;;;0.091;;;;;;0.091;;;;;;0.091;;;;;;0.091;;;;;;0.091;;
4;32;5;27;04032005_27_M;2019;8;;;;0.091;;;;;;0.091;;;;;;0.091;;;;;;0.091;;;;;;0.091;;;
4;32;5;27;04032005_27_M;2019;9;;;;;;0.091;;;;;;0.091;;;;;;0.091;;;;;;0.091;;;;;;0.096;
4;32;5;27;04032005_27_M;2019;10;;;;;;0.093;;;;;;;;;;;;;;;;;;0.091;;;;;;0.091;
4;32;5;27;04032005_27_M;2019;12;;;;;0.091;;;;;;0.091;;;;;;0.091;;;;;;0.091;;;;;;0.091;;
6;15;1;27;06015001_27_M;2019;1;;;;;;;;;0.003;;;;;;;;;0.004;;;;;;0.001;;;;;;0.0007;
6;15;1;27;06015001_27_M;2019;2;;;;;0.002;;;;;;0.001;;;;;;0.004;;;;;;0.003;;;;;;;;
6;15;1;27;06015001_27_M;2019;3;0.0022;;;;;;0.0;;;;;;0.001;;;;;;0.001;;;;;;0.002;;;;;;0.0011
6;15;1;27;06015001_27_M;2019;4;;;;;;0.001;;;;;;0.001;;;;;;0.0;;;;;;0.0;;;;;;0.0015;
6;15;1;27;06015001_27_M;2019;5;;;;;;0.001;;;;;;0.001;;;;;;0.0;;;;;;0.001;;;;;;0.0009;
6;15;1;27;06015001_27_M;2019;6;;;;;0.0;;;;;;0.0;;;;;;;;;;;;0.001;;;;;;0.0001;;
6;15;1;27;06015001_27_M;2019;7;;;;;0.001;;;;;;0.001;;;;;;0.001;;;;;;0.001;;;;;;0.0001;;
6;15;1;27;06015001_27_M;2019;8;;;;0.0014;;;;;;0.0;;;;;;0.0;;;;;;0.001;;;;;;0.0;;;
6;15;1;27;06015001_27_M;2019;9;;;0.0008;;;;;;0.001;;;;;;0.001;;;;;;0.0;;;;;;0.0;;;;
6;15;1;27;06015001_27_M;2019;10;;;0.0001;;;;;;0.001;;;;;;0.0;;;;;;0.0;;;;;;0.008;;;;
6;15;1;27;06015001_27_M;2019;11;;0.0001;;;;;;0.0;;;;;;0.0;;;;;;0.0;;;;;;0.0;;;;;
6;15;1;27;06015001_27_M;2019;12;;0.0001;;;;;;0.004;;;;;;0.0;;;;;;0.0;;;;;;0.001;;;;;
6;83;1;27;06083001_27_M;2019;1;;;0.34;;;;;0.49;;;;;0.37;;;;;0.21;;;;;;;;;;;;;0.001
6;83;1;27;06083001_27_M;2019;2;;;;0.3;;;;;0.31;;;;;0.12;;;;;0.1;;;;;0.22;;;;;;;
6;83;1;27;06083001_27_M;2019;3;;0.12;;;;;0.008;;;;;0.043;;;;;0.036;;;;;0.12;;;;;0.031;;;;
6;83;1;27;06083001_27_M;2019;4;0.003;;;;;;0.003;;;;;0.07;;;;;0.011;;;;;;;;;;;;;;
6;83;1;27;06083001_27_M;2019;5;0.006;;;;;;;;;;0.001;;;;;0.011;;;;;0.014;;;;;0.005;;;;;
6;83;1;27;06083001_27_M;2019;6;;;;;0.02;;;;;0.056;;;;;0.023;;;;;0.023;;;;;;;;;;0.025;
6;83;1;27;06083001_27_M;2019;7;;;;;0.017;;;;;0.018;;;;;0.026;;;;;0.03;;;;;;;;;;0.027;
6;83;1;27;06083001_27_M;2019;8;;;;0.035;;;;;0.011;;;;;0.027;;;;;0.025;;;;;0.014;;;;;;;
6;83;1;27;06083001_27_M;2019;9;;;0.025;;;;;;0.026;;;;;0.018;;;;;;0.025;;;;;;;;;;0.079;
6;83;1;27;06083001_27_M;2019;10;;;;;;;;;;;;;;;;;;;;;;;;;;;;;;;
6;83;1;27;06083001_27_M;2019;11;;0.002;;;;;0.005;;;;;0.027;;;;;0.06;;;;;;;;;;0.005;;;;
6;83;1;27;06083001_27_M;2019;12;;0.033;;;;;0.24;;;;;0.05;;;;;;;;;;;;;;;0.24;;;;
7;3;4;27;07003004_27_M;2019;4;;;;;;;;;;;;;;;;0.028;0.028;0.028;0.028;0.028;0.028;0.028;0.028;0.028;0.028;0.04;0.028;0.028;0.028;0.028;
7;3;4;27;07003004_27_M;2019;1;;;;;;;;;;;;;;;;;;;;;;;;;;;;;;;
7;3;4;27;07003004_27_M;2019;2;;;;;;;;;;;;;;;;;;;;;;;;;;;;;;;
7;3;4;27;07003004_27_M;2019;3;;;;;;;;;;;;;;;;;;;;;;;;;;;;;;;
7;3;4;27;07003004_27_M;2019;5;;;;;;;;;;;;;;;;;;;;;;;;;;;;;;;
7;3;4;27;07003004_27_M;2019;6;;;;;;;;;;;;;;0.028;0.028;0.028;0.028;0.028;0.028;0.028;0.028;0.028;0.028;0.028;0.028;0.028;0.028;0.028;;;
7;3;4;27;07003004_27_M;2019;7;;;;;;;;;;;;;;;;;;;;;;;;;;;;;;;
7;3;4;27;07003004_27_M;2019;8;;;;;;;;;;;;;;;;;;;;;;;;;;;;;;;
7;3;4;27;07003004_27_M;2019;9;;;;;;;;;;;;;;;;;;;;;;;;;;;;;;;
7;3;4;27;07003004_27_M;2019;10;;;;;;;;;;;;;;;;;;;;;;;;;;;;;;;
7;3;4;27;07003004_27_M;2019;11;;;;;;;;;;;;;;;;;;;;;;;;;;;;;;;
7;3;4;27;07003004_27_M;2019;12;;;;;;;;;;;;;;;;;;;;;;;;;;;;;;;
7;10;1;27;07010001_27_M;2019;1;;;;;;;;;;;;;;;;;;;;;;;;;;;;;;;
7;10;1;27;07010001_27_M;2019;2;;;;;;;;;;;;;;;;;;;;;;;;;;;;;;;
7;10;1;27;07010001_27_M;2019;3;;;;0.00805;0.0854;0.0471;0.088;0.00805;;;0.00805;0.0202;0.0308;0.00805;0.0175;;;;;;;;;;;;;;;;
7;10;1;27;07010001_27_M;2019;4;;;;;;;;;;;;;;;;;;;;;;;;;;;;;;;
7;10;1;27;07010001_27_M;2019;5;;;;;;;;;;;;;;;;;;;;;;;;;;;;;;;
7;10;1;27;07010001_27_M;2019;6;;;;;;;;;;;;;;;;;;;;;;;;;;;;;;;
7;10;1;27;07010001_27_M;2019;7;;0.00805;0.00805;;0.00805;0.00805;;;0.00805;0.00805;0.00805;0.00805;0.00805;;;0.00805;;;;;;;;;;;;;;;
7;10;1;27;07010001_27_M;2019;11;;;;;;;;;;;;;;;;;;;;;;;;;;;;;;;
7;10;1;27;07010001_27_M;2019;8;;;;;;;;;;;;;;;;;;;;;;;;;;;;;;;
7;10;1;27;07010001_27_M;2019;9;;;;;;;;;;;;;;;;;;;;;;;;;;;;;;;
7;10;1;27;07010001_27_M;2019;10;;;;;;;;;;;;;;;;;;;;;;;;;;;;;;;
7;10;1;27;07010001_27_M;2019;12;;;;;;;;;;;;;;;;;;;;;;;;;;;;;;;
7;26;1;27;07026001_27_M;2019;4;0.028;0.028;0.056;0.028;0.028;0.028;0.028;0.028;0.028;0.028;0.028;0.028;0.028;;;;;;;;;;;;;;;;;;
7;26;1;27;07026001_27_M;2019;1;;;;;;;;;;;;;;;;;;;;;;;;;;;;;;;
7;26;1;27;07026001_27_M;2019;2;;;;;;;;;;;;;;;;;;;;;;;;;;;;;;;
7;26;1;27;07026001_27_M;2019;3;;;;;;;;;;;;;;;;;;;;;;;;;;;;;;0.028;0.028
7;26;1;27;07026001_27_M;2019;5;;;;;;;;;;;;;;;;;;;;;;;;;;;;;;;
7;26;1;27;07026001_27_M;2019;6;;;;;;;;;;;;;;;;;;;;;;;;;;;;;;;
7;26;1;27;07026001_27_M;2019;7;;;;;;;;;;;;;;;;;;;;;;;0.028;0.028;0.028;0.028;0.028;0.028;0.028;0.028;0.028
7;26;1;27;07026001_27_M;2019;8;0.028;0.028;0.028;0.028;0.028;0.028;;;;;;;;;;;;;;;;;;;;;;;;;
7;26;1;27;07026001_27_M;2019;9;;;;;;;;;;;;;;;;;;;;;;;;;;;;;;;
7;26;1;27;07026001_27_M;2019;10;;;;;;;;;;;;;;;;;;;;;;;;;;;;;;;
7;26;1;27;07026001_27_M;2019;11;;;;;;;;;;;;;;;;;;;;;;;;;;;;;;;
7;26;1;27;07026001_27_M;2019;12;;;;;;;;;;;;;;;;;;;;;;;;;;;;;;;
7;26;2;27;07026002_27_M;2019;4;;;;;;;;;;;;;;;;;;;;;;;;;;;;;;;
7;26;2;27;07026002_27_M;2019;1;;;;;;;;;;;;;;;;;;;;;;;;;;;;;;;
7;26;2;27;07026002_27_M;2019;2;;;;;;;;;;;;;;;;;;;;;;;;;;;;;;;
7;26;2;27;07026002_27_M;2019;3;;;;;;;;;;;;;;;;;;;;;;;;;;;;;;;
7;26;2;27;07026002_27_M;2019;5;;;;;;;;;;;;;;;;;;;;;0.028;0.028;0.028;0.028;0.028;0.028;0.028;0.028;0.028;0.028;0.028
7;26;2;27;07026002_27_M;2019;6;0.028;0.028;0.028;0.028;;;;;;;;;;;;;;;;;;;;;;;;;;;
7;26;2;27;07026002_27_M;2019;7;;;;;;;;;;;;;;;;;;;;;;;;;;;;;;;
7;26;2;27;07026002_27_M;2019;8;;;;;;;;;;;;;;;;;;;;;;;;;;;;;;;
7;26;2;27;07026002_27_M;2019;9;;;;;;;;;;;;;;;;;;;;;;;;;;;;;;;
7;26;2;27;07026002_27_M;2019;10;;;;;;;;;;;;;;;;;;;;;;;;;;;;;;;
7;26;2;27;07026002_27_M;2019;11;;;;;;;;;;;;;;;;;;;;;;;;;;;;;;0.028;
7;26;2;27;07026002_27_M;2019;12;0.083;0.028;0.028;0.111;0.111;0.111;0.125;0.111;0.028;0.236;0.097;0.028;0.028;0.181;;;;;;;;;;;;;;;;;
7;32;2;27;07032002_27_M;2019;4;0.028;0.028;0.028;0.028;0.028;0.028;0.028;0.028;0.028;0.028;0.028;;;;;;;;;;;;;;;;;;;;
7;32;2;27;07032002_27_M;2019;1;;;;;;;;;;;;;;;;;;;;;;;;;;;;;;;
7;32;2;27;07032002_27_M;2019;2;;;;;;;;;;;;;;;;;;;;;;;;;;;;;;;
7;32;2;27;07032002_27_M;2019;3;;;;;;;;;;;;;;;;;;;;;;;;;;;;0.028;0.028;0.028;0.028
7;32;2;27;07032002_27_M;2019;5;;;;;;;;;;;;;;;;;;;;;;;;;;;;;;;
7;32;2;27;07032002_27_M;2019;6;;;;;;;;;;;;;;;;;;;;;;;;;;;;;;;
7;32;2;27;07032002_27_M;2019;7;;;;;;;;;;;;;;;;;;;;;;;;;;;;;;;
7;32;2;27;07032002_27_M;2019;8;;;;;;;;;;;;;;;;;;;;;;;;;;;;;;;
7;32;2;27;07032002_27_M;2019;9;;;;;;;;;;;;;;;;;;;;;;;;;;;;;;;
7;32;2;27;07032002_27_M;2019;10;;;0.028;0.028;0.028;0.028;0.028;0.028;0.028;0.028;0.028;0.028;0.028;0.028;0.028;0.028;0.028;;;;;;;;;;;;;;
7;32;2;27;07032002_27_M;2019;11;;;;;;;;;;;;;;;;;;;;;;;;;;;;;;;
7;32;2;27;07032002_27_M;2019;12;;;;;;;;;;;;;;;;;;;;;;;;;;;;;;;
7;40;6;27;07040006_27_M;2019;4;;;;;;;;;;;;;;;;;;;;;;;;;;;;;;;
7;40;6;27;07040006_27_M;2019;1;;;;;;;;;;;;;;;;;;;;;;;;;;;;;;;
7;40;6;27;07040006_27_M;2019;2;;;;;;;;;;;;;;;;;;;;;;;;;;;;;;;
7;40;6;27;07040006_27_M;2019;3;;;;;;;;;;;;;;;;;;;;;;;;;;;;;;;
7;40;6;27;07040006_27_M;2019;5;;;;;;;;;;;;;;;;;;;;;;;;;;;;;;;
7;40;6;27;07040006_27_M;2019;6;;;;;;;;;;;;;;;;;;;;;;;;;;;;;;;
7;40;6;27;07040006_27_M;2019;7;;;;;;;;;;;;;;;;;;;;;;;;;;;;;;;
7;40;6;27;07040006_27_M;2019;8;;;;;;;;;;;;;;;;;;;;;;;;0.028;0.028;0.028;0.028;0.028;0.028;0.028;0.028
7;40;6;27;07040006_27_M;2019;9;0.028;0.028;0.028;0.028;0.028;0.028;0.028;;;;;;;;;;;;;;;;;;;;;;;;
7;40;6;27;07040006_27_M;2019;10;;;;;;;;;;;;;;;;;;;;;;;;;;;;;;;
7;40;6;27;07040006_27_M;2019;11;;;;;;;;;;;;;;;;;;;0.306;0.403;0.375;0.028;0.028;0.028;0.223;0.07;0.028;0.056;0.306;0.097;
7;40;6;27;07040006_27_M;2019;12;0.083;0.028;0.028;;;;;;;;;;;;;;;;;;;;;;;;;;;;
8;19;4;27;08019004_27_M;2019;1;;0.32;;;0.333;;0.337;;0.196;;;0.286;;;;0.669;;;0.401;;0.575;;0.106;;;0.5;;0.09;;0.091;
8;19;4;27;08019004_27_M;2019;2;;0.093;0.076;0.22;;0.657;;;0.162;;0.127;;0.231;;;0.336;;0.182;;;;;0.22;;;;0.239;;;;
8;19;4;27;08019004_27_M;2019;3;;0.067;;0.066;;0.083;;;0.11;;0.05;;0.05;;;0.117;;0.05;;0.117;;;0.15;;;;;;;;
8;19;4;27;08019004_27_M;2019;4;;;;;;0.05;;0.078;;0.061;;;0.05;;0.05;;0.05;;;0.05;;;;;;;0.05;;0.05;0.05;
8;19;4;27;08019004_27_M;2019;5;0.05;;;0.05;;0.05;;0.05;;;0.05;;0.05;;0.07;;;0.05;;0.05;;0.05;;;0.083;;0.05;;0.05;;
8;19;4;27;08019004_27_M;2019;6;0.05;;0.05;;0.05;;;0.05;;0.05;;0.05;;;0.05;;0.05;;0.05;;;0.05;;0.05;;0.05;;;0.05;;
8;19;4;27;08019004_27_M;2019;7;0.05;;;;;0.05;;0.05;;0.05;;;0.05;;0.05;;0.05;;;0.05;;0.05;;0.05;;;0.05;;0.05;;0.05
8;19;4;27;08019004_27_M;2019;8;;;0.05;;0.05;;0.05;;;0.05;;0.05;;0.05;;;0.05;;0.05;;0.05;;;;;0.05;;0.05;;;0.05
8;19;4;27;08019004_27_M;2019;9;;0.05;;0.05;;;0.05;;;;0.05;;;0.05;;0.05;;0.055;;;0.05;;0.05;;0.05;;;0.05;;0.05;
8;19;4;27;08019004_27_M;2019;10;;0.05;;;0.05;;0.056;;0.051;;;0.05;;0.05;;0.36;;;0.093;;0.067;;0.052;;;0.113;;0.171;;0.298;
8;19;4;27;08019004_27_M;2019;11;;0.201;;0.084;;0.05;;;0.054;;0.05;;0.33;;;0.117;;0.379;;0.948;;;0.05;;0.501;;0.119;;;0.269;
8;19;4;27;08019004_27_M;2019;12;;0.578;;0.05;;;0.203;;0.108;;0.398;;;0.079;;0.582;;;;;0.177;;0.206;;0.571;;;0.569;;0.352;
8;19;28;27;08019028_27_M;2019;1;;0.407;;;0.24;;0.287;;0.184;;;0.258;;0.222;;0.256;;;0.177;;0.306;;0.158;;;;;;;0.104;
8;19;28;27;08019028_27_M;2019;2;;0.054;;0.155;;0.547;;;0.098;;0.142;;0.14;;;0.263;;0.101;;0.086;;;0.236;;0.224;;0.337;;;;
8;19;28;27;08019028_27_M;2019;3;;0.05;;0.125;;0.059;;;0.096;;0.052;;0.05;;;0.065;;0.051;;0.092;;;0.376;;0.106;;0.124;;;0.05;
8;19;28;27;08019028_27_M;2019;4;0.057;;0.05;;;0.05;;0.06;;0.076;;;0.05;;0.061;;0.05;;;0.05;;0.054;;0.05;;;0.05;;0.05;;
8;19;28;27;08019028_27_M;2019;5;0.05;;;0.05;;0.05;;0.05;;;0.05;;0.05;;0.072;;;0.05;;0.054;;0.05;;;0.102;;0.062;;0.05;;
8;19;28;27;08019028_27_M;2019;6;0.05;;0.05;;0.05;;;0.05;;0.05;;0.05;;;0.05;;0.053;;0.05;;;0.05;;0.05;;0.062;;;0.061;;
8;19;28;27;08019028_27_M;2019;7;0.05;;0.05;;;0.06;;0.066;;;;;0.05;;0.05;;0.05;;;0.05;;0.05;;0.051;;;0.05;;0.05;;0.05
8;19;28;27;08019028_27_M;2019;8;;;0.05;;0.05;;0.05;;;0.05;;0.05;;0.05;;;0.05;;0.05;;0.05;;;0.05;;0.05;;0.05;;;
8;19;28;27;08019028_27_M;2019;9;;0.051;;0.051;;;0.05;;0.05;;0.05;;;0.059;;;;0.157;;;0.066;;0.05;;0.056;;;0.05;;0.068;
8;19;28;27;08019028_27_M;2019;10;;0.061;;;0.05;;0.06;;0.079;;;0.05;;0.057;;0.151;;;0.211;;0.104;;0.08;;;0.176;;0.376;;0.38;
8;19;28;27;08019028_27_M;2019;11;;0.122;;0.085;;0.091;;;0.069;;0.151;;0.245;;;0.105;;0.235;;0.62;;;0.077;;0.484;;0.178;;;0.11;
8;19;28;27;08019028_27_M;2019;12;;0.359;;0.098;;;0.199;;0.122;;0.217;;;0.077;;0.51;;0.198;;;0.098;;0.129;;0.386;;;0.364;;0.227;
8;19;42;27;08019042_27_M;2019;1;;0.169;;;0.214;;0.175;;0.097;;;0.2;;0.139;;0.185;;;0.087;;0.191;;0.081;;;0.166;;0.053;;0.074;
8;19;42;27;08019042_27_M;2019;2;;0.05;;0.091;;0.269;;;0.098;;0.114;;0.07;;;0.274;;0.05;;0.05;;;0.122;;0.131;;0.28;;;;
8;19;42;27;08019042_27_M;2019;3;;0.05;;0.05;;0.05;;;0.069;;0.05;;0.05;;;0.05;;0.05;;0.064;;;0.106;;0.057;;0.05;;;0.05;
8;19;42;27;08019042_27_M;2019;4;0.05;;0.05;;;0.05;;0.05;;0.05;;;0.05;;0.05;;0.05;;;0.05;;0.05;;0.05;;;0.05;;0.05;;
8;19;42;27;08019042_27_M;2019;5;0.05;;;0.05;;0.05;;0.05;;;0.05;;0.05;;0.05;;;0.05;;0.05;;0.05;;;0.088;;0.05;;0.05;;
8;19;42;27;08019042_27_M;2019;6;0.05;;0.05;;0.05;;;0.05;;0.05;;0.05;;;0.05;;0.05;;0.05;;;0.05;;0.05;;0.05;;;0.05;;
8;19;42;27;08019042_27_M;2019;7;0.05;;0.05;;;0.05;;0.05;;0.05;;;0.05;;0.05;;0.05;;;0.05;;0.05;;0.05;;;0.05;;0.05;;0.05
8;19;42;27;08019042_27_M;2019;8;;;0.05;;0.05;;0.05;;;0.05;;0.05;;0.05;;;0.05;;0.05;;0.05;;;0.05;;0.05;;0.05;;;0.05
8;19;42;27;08019042_27_M;2019;9;;0.05;;0.05;;;0.05;;0.05;;0.05;;;0.05;;0.052;;0.054;;;0.05;;0.05;;0.05;;;0.05;;0.05;
8;19;42;27;08019042_27_M;2019;10;;0.05;;;0.05;;0.05;;0.05;;;0.05;;0.05;;0.05;;;0.088;;0.05;;0.05;;;0.102;;0.075;;0.214;
8;19;42;27;08019042_27_M;2019;11;;0.062;;0.05;;0.05;;;0.058;;0.065;;0.162;;;0.079;;0.119;;0.356;;;0.05;;0.265;;0.147;;;0.061;
8;19;42;27;08019042_27_M;2019;12;;0.185;;0.05;;;0.137;;0.05;;0.203;;;0.05;;0.24;;0.12;;;0.05;;0.116;;0.12;;;0.289;;0.136;
8;19;43;27;08019043_27_M;2019;1;;0.284;;;0.158;;0.235;;0.248;;;0.249;;0.348;;0.27;;;0.269;;0.457;;0.189;;;0.334;;0.141;;0.11;
8;19;43;27;08019043_27_M;2019;2;;0.092;;0.191;;0.711;;;0.104;;0.174;;0.161;;;0.36;;0.124;;0.117;;;0.253;;0.164;;0.501;;;;
8;19;43;27;08019043_27_M;2019;3;;0.061;;0.141;;0.075;;;0.099;;0.05;;0.091;;;0.05;;0.082;;0.124;;;0.254;;0.143;;0.139;;;0.05;
8;19;43;27;08019043_27_M;2019;4;0.067;;0.054;;;0.05;;0.089;;0.079;;;0.05;;0.074;;0.053;;;0.05;;0.05;;0.055;;;0.05;;0.05;;
8;19;43;27;08019043_27_M;2019;5;0.05;;;0.054;;0.05;;0.055;;;0.05;;0.06;;0.082;;;0.05;;0.076;;0.054;;;0.139;;0.075;;0.061;;
8;19;43;27;08019043_27_M;2019;6;0.055;;;;0.053;;;0.05;;0.05;;0.06;;;0.05;;0.064;;0.061;;;0.05;;0.05;;0.064;;;0.077;;
8;19;43;27;08019043_27_M;2019;7;0.05;;0.067;;;;;0.05;;0.066;;;0.05;;0.05;;0.05;;;0.05;;0.074;;0.065;;;0.05;;0.05;;0.05
8;19;43;27;08019043_27_M;2019;8;;;0.05;;0.05;;0.05;;;0.05;;0.05;;0.05;;;0.05;;0.05;;0.05;;;0.05;;0.055;;0.05;;;0.05
8;19;43;27;08019043_27_M;2019;9;;0.05;;0.082;;;0.05;;0.065;;0.069;;;0.052;;0.197;;0.154;;;0.058;;0.058;;0.115;;;0.05;;0.099;
8;19;43;27;08019043_27_M;2019;10;;0.095;;;0.058;;0.092;;0.111;;;0.081;;0.097;;0.083;;;0.257;;0.176;;0.189;;;0.26;;0.174;;0.449;
8;19;43;27;08019043_27_M;2019;11;;0.112;;0.157;;0.097;;;0.099;;0.141;;0.303;;;0.135;;0.253;;0.495;;;0.071;;0.437;;0.222;;;0.117;
8;19;43;27;08019043_27_M;2019;12;;0.333;;0.07;;;0.229;;;;0.246;;;0.097;;0.53;;0.352;;;0.088;;0.201;;0.385;;;0.393;;0.236;
8;19;44;27;08019044_27_M;2019;1;;0.42;;;0.3;;0.297;;0.179;;;;;;;;;;0.136;;0.209;;0.131;;;0.235;;0.075;;0.087;
8;19;44;27;08019044_27_M;2019;2;;0.064;;0.177;;0.541;;;0.099;;0.111;;0.091;;;0.372;;0.051;;0.084;;;0.15;;0.211;;0.487;;;;
8;19;44;27;08019044_27_M;2019;3;;0.05;;0.051;;0.05;;;0.093;;0.05;;0.058;;;0.07;;0.05;;0.074;;;0.137;;0.073;;0.068;;;0.05;
8;19;44;27;08019044_27_M;2019;4;0.05;;0.05;;;0.05;;0.05;;0.089;;;0.05;;0.05;;0.05;;;0.05;;0.05;;0.05;;;0.05;;0.05;;
8;19;44;27;08019044_27_M;2019;5;;;;0.05;;0.05;;0.05;;;0.05;;0.05;;0.05;;;0.05;;0.051;;0.05;;;0.085;;;;;;
8;19;44;27;08019044_27_M;2019;6;0.05;;0.05;;0.05;;;;;0.05;;0.05;;;0.05;;0.05;;0.05;;;0.05;;0.05;;0.05;;;0.064;;
8;19;44;27;08019044_27_M;2019;7;0.05;;0.05;;;0.057;;0.063;;0.05;;;0.05;;0.05;;0.05;;;0.05;;0.05;;0.05;;;0.05;;0.05;;0.05
8;19;44;27;08019044_27_M;2019;8;;;0.05;;0.05;;0.05;;;0.05;;0.05;;0.05;;;0.05;;0.05;;0.05;;;0.05;;0.05;;0.05;;;0.05
8;19;44;27;08019044_27_M;2019;9;;0.05;;0.064;;;0.05;;0.05;;0.05;;;0.05;;0.116;;0.087;;;0.05;;0.05;;0.052;;;0.05;;0.055;
8;19;44;27;08019044_27_M;2019;10;;0.05;;;0.05;;0.085;;0.06;;;0.05;;0.061;;0.06;;;0.111;;0.11;;0.102;;;0.114;;0.108;;0.327;
8;19;44;27;08019044_27_M;2019;11;;0.094;;0.075;;0.072;;;;;;;;;;;;;;;;;0.05;;0.372;;0.169;;;0.087;
8;19;44;27;08019044_27_M;2019;12;;0.301;;0.05;;;0.205;;0.09;;0.165;;;0.061;;0.169;;;;;0.253;;0.141;;0.335;;;0.282;;0.196;
8;19;45;27;08019045_27_M;2019;1;;0.175;;;0.141;;0.185;;0.093;;;0.262;;0.169;;0.105;;;0.141;;0.211;;0.05;;;0.146;;0.057;;0.069;0.106
8;19;45;27;08019045_27_M;2019;2;;0.05;;0.112;;;;;0.125;;0.107;;0.089;;;0.219;;0.05;;0.062;;;0.052;;0.283;;;;;;
8;19;45;27;08019045_27_M;2019;3;;0.05;;0.05;;0.05;;;0.083;;0.05;;0.05;;;0.07;;0.05;;0.058;;;0.067;;0.05;;0.05;;;0.05;
8;19;45;27;08019045_27_M;2019;4;0.05;;0.05;;;0.05;;0.05;;0.052;;;0.05;;0.05;;0.05;;;0.05;;0.05;;0.05;;;0.05;;0.05;;
8;19;45;27;08019045_27_M;2019;5;0.05;;;0.05;;0.05;;0.05;;;0.05;;0.05;;0.05;;;0.05;;0.05;;0.05;;;0.071;;0.05;;0.05;;
8;19;45;27;08019045_27_M;2019;6;0.05;;0.05;;0.05;;;0.05;;0.05;;0.05;;;0.05;;0.05;;0.05;;;0.05;;0.05;;0.05;;;0.05;;
8;19;45;27;08019045_27_M;2019;7;0.05;;0.05;;;0.05;;0.05;;0.05;;;0.05;;0.05;;0.05;;;0.05;;0.05;;0.05;;;0.05;;0.05;;0.05
8;19;45;27;08019045_27_M;2019;8;;;0.05;;0.05;;0.05;;;0.05;;0.05;;0.05;;;0.05;;0.05;;0.05;;;;;0.05;;0.05;;;0.05
8;19;45;27;08019045_27_M;2019;9;;0.05;;0.05;;;0.05;;;;0.05;;;0.05;;0.063;;0.057;;;0.05;;0.05;;0.05;;;0.05;;0.05;
8;19;45;27;08019045_27_M;2019;10;;0.05;;;0.05;;;;;;;0.05;;0.05;;0.05;;;0.05;;0.05;;0.06;;;0.088;;0.05;;0.124;
8;19;45;27;08019045_27_M;2019;11;;0.054;;0.099;;0.05;;;0.073;;0.065;;0.154;;;0.07;;0.129;;0.302;;;0.05;;0.229;;;;;0.079;
8;19;45;27;08019045_27_M;2019;12;;0.221;;0.05;;0.121;0.136;;0.05;;0.148;;;0.05;;0.233;;0.152;;;0.059;;0.111;;0.114;;;0.143;;0.15;
8;19;53;27;08019053_27_M;2019;1;;0.103;;;0.121;;0.105;;0.106;;;0.177;;0.12;;0.141;;;0.077;;0.091;;0.061;;;0.073;;0.059;;0.05;0.061
8;19;53;27;08019053_27_M;2019;2;;0.083;;0.071;;0.14;;;0.05;;0.05;;0.05;;;0.123;;0.05;;0.05;;;0.066;;0.085;;;;;;
8;19;53;27;08019053_27_M;2019;3;;;;;;0.05;;;0.057;;0.05;;0.05;;;0.05;;0.05;;0.079;;;0.05;;0.053;;0.05;;;0.05;
8;19;53;27;08019053_27_M;2019;4;0.05;;0.05;;;0.05;;0.05;;0.05;;;0.05;;0.05;;0.05;;;0.05;;0.05;;0.05;;;0.05;;0.05;;
8;19;53;27;08019053_27_M;2019;5;0.05;;;0.05;;0.05;;0.05;;;0.05;;0.05;;0.05;;;;;0.05;;0.05;;;0.05;;0.05;;0.05;;
8;19;53;27;08019053_27_M;2019;6;0.05;;0.05;;0.05;;;0.05;;0.05;;0.05;;;;;;;0.05;;;0.05;;0.05;;0.05;;;0.05;;
8;19;53;27;08019053_27_M;2019;7;0.05;;0.05;;;0.05;;0.05;;0.05;;;0.05;;0.05;;0.05;;;0.05;;0.05;;;;;;;;;
8;19;53;27;08019053_27_M;2019;8;;;0.05;;0.05;;0.05;;;0.05;;0.05;;0.05;;;0.05;;0.05;;0.05;;;0.05;;0.05;;0.05;;;0.05
8;19;53;27;08019053_27_M;2019;9;;0.05;;0.05;;;;;;;0.05;;;0.05;;0.05;;0.05;;;0.05;;;;0.05;;;0.05;;0.05;
8;19;53;27;08019053_27_M;2019;10;;0.05;;;0.05;;0.05;;0.05;;;0.05;;0.05;;0.05;;;0.05;;0.05;;0.05;;;0.05;;0.05;;0.064;
8;19;53;27;08019053_27_M;2019;11;;0.05;;0.05;;0.05;;;0.05;;0.072;;0.062;;;0.103;;0.136;;0.15;;;0.05;;0.092;;0.05;;;0.05;
8;19;53;27;08019053_27_M;2019;12;;0.146;;0.05;;;0.056;;0.052;;0.093;;;0.05;;0.1;;0.086;;;0.05;;0.068;;0.063;;;0.092;;0.15;
8;19;54;27;08019054_27_M;2019;1;;0.135;;;0.105;;0.146;;0.11;;;0.203;;0.135;;0.097;;;0.177;;0.176;;0.061;;;0.141;;0.055;;0.058;0.092
8;19;54;27;08019054_27_M;2019;2;;0.061;;0.086;;;;;0.099;;0.088;;0.086;;;0.166;;0.103;;0.206;;;0.084;;0.191;;0.285;;;;
8;19;54;27;08019054_27_M;2019;3;;0.05;;0.05;;0.05;;;0.073;;0.05;;0.05;;;0.092;;0.05;;0.056;;;0.063;;0.05;;0.05;;;0.05;
8;19;54;27;08019054_27_M;2019;4;0.195;;0.05;;;0.05;;0.05;;0.05;;;0.05;;0.05;;0.05;;;0.05;;0.05;;0.05;;;0.05;;0.05;0.05;
8;19;54;27;08019054_27_M;2019;5;0.05;;;0.05;;0.05;;0.05;;;0.05;;0.05;;0.05;;;0.05;;0.05;;0.05;;;0.05;;0.05;;0.05;;
8;19;54;27;08019054_27_M;2019;6;0.05;;0.05;;0.05;;;0.05;;0.05;;0.05;;;0.05;;0.05;;0.05;;;0.05;;0.05;;0.05;;;0.05;;
8;19;54;27;08019054_27_M;2019;7;0.05;;0.05;;;0.05;;;;0.05;;;0.05;;0.05;;0.05;;;0.05;;0.05;;0.05;;;0.05;;0.05;;0.05
8;19;54;27;08019054_27_M;2019;8;;;0.05;;0.05;;0.05;;;0.05;;0.05;;0.05;;;0.05;;0.05;;0.05;;;0.05;;0.05;;0.05;;;0.05
8;19;54;27;08019054_27_M;2019;9;;0.05;;0.05;;;0.05;;0.05;;0.05;;;0.05;;0.05;;0.05;;;0.05;;0.05;;0.05;;;0.05;;0.05;
8;19;54;27;08019054_27_M;2019;10;;0.05;;;0.05;;0.054;;0.05;;;0.05;;0.05;;0.05;;;0.05;;0.05;;0.051;;;0.081;;0.063;;0.111;
8;19;54;27;08019054_27_M;2019;11;;0.052;;0.05;;0.05;;;0.05;;0.069;;0.127;;;0.089;;0.188;;0.291;;;0.05;;0.11;;0.079;;;0.093;
8;19;54;27;08019054_27_M;2019;12;;0.161;;0.05;;;0.137;;0.064;;0.109;;;0.05;;0.245;;0.149;;;0.273;;0.099;;0.092;;;0.153;;0.145;
8;19;55;27;08019055_27_M;2019;1;;0.305;;;;;;;0.15;;;0.211;;0.16;;0.436;;;0.153;;0.281;;0.059;;;0.372;;0.05;;0.073;
8;19;55;27;08019055_27_M;2019;2;;0.058;;;;0.461;;;0.066;;0.063;;0.096;;;0.172;;0.05;;0.052;;;0.134;;0.115;;0.163;;;;
8;19;55;27;08019055_27_M;2019;3;;0.05;;0.051;;0.05;;;0.089;;0.05;;0.05;;;0.05;;;;0.07;;;0.117;;0.069;;;;;;
8;19;55;27;08019055_27_M;2019;4;0.05;;0.05;;;0.05;;0.05;;0.05;;;0.05;;0.05;;0.05;;;0.05;;0.05;;0.05;;;0.05;;0.05;0.05;
8;19;55;27;08019055_27_M;2019;5;0.05;;;0.05;;0.05;;0.05;;;0.05;;0.05;;0.05;;;0.05;;0.05;;0.05;;;0.055;;0.05;;0.05;;
8;19;55;27;08019055_27_M;2019;6;0.05;;0.05;;0.05;;;0.05;;0.05;;0.05;;;0.05;;0.05;;0.05;;;0.05;;0.05;;0.05;;;0.05;;
8;19;55;27;08019055_27_M;2019;7;0.05;;0.05;;;0.05;;0.05;;0.05;;;0.05;;0.05;;0.05;;;;;;;;;;0.05;;0.05;;0.05
8;19;55;27;08019055_27_M;2019;8;;;;;;;;;;0.05;;0.05;;;;;;;;;;;;;;;;;;;
8;19;55;27;08019055_27_M;2019;9;;;;0.05;;;0.05;;;;0.05;;;0.05;;0.05;;0.05;;;0.05;;0.05;;0.05;;;0.05;;0.05;
8;19;55;27;08019055_27_M;2019;10;;0.05;;;0.05;;0.05;;0.059;;;0.05;;0.05;;0.073;;;0.136;;0.05;;0.05;;;;;0.148;;;
8;19;55;27;08019055_27_M;2019;11;;;;;;0.12;;;;;;;;;;0.091;;0.207;;0.414;;;0.05;;;;0.089;;;0.099;
8;19;55;27;08019055_27_M;2019;12;;0.326;;0.05;;;0.128;;0.077;;0.266;;;0.056;;0.387;;0.17;;;0.094;;0.114;;0.33;;;0.443;;0.204;
8;22;6;27;08022006_27_M;2019;1;;;0.4;;;0.97;;;0.4;;;;;;;;;;0.31;;0.42;;;;;;;;0.24;;
8;22;6;27;08022006_27_M;2019;2;;;;;;;;;0.14;;;;0.18;;;;;;;;0.14;;;;0.14;;;;;;
8;22;6;27;08022006_27_M;2019;3;;;;;0.14;;;;;;;;;;;;0.14;;;;0.14;;;;;;0.14;;;;0.14
8;22;6;27;08022006_27_M;2019;4;;;;;;;;;0.14;;;;;;;;;;0.14;;;;;;0.14;;;;0.14;;
8;22;6;27;08022006_27_M;2019;5;;;;;;;0.14;;;;;;;;0.14;;;;;;;;;;0.14;;;;;;0.14
8;22;6;27;08022006_27_M;2019;6;;;;;;;;0.14;;0.14;;;;;;;;;;;;0.14;;;;0.14;;;;;
8;22;6;27;08022006_27_M;2019;7;;;;;;;;;0.14;;0.14;;0.14;;0.14;;;;;;;;0.14;;;;;;;;0.14
8;22;6;27;08022006_27_M;2019;8;;;;;;;;0.14;;;;;0.14;;;;;;0.14;;;;;;;;;;;;0.14
8;22;6;27;08022006_27_M;2019;9;;;;0.14;;;;;;;;;0.14;;;;;;0.14;;;;0.14;;;;;;;;
8;22;6;27;08022006_27_M;2019;10;0.14;;;;;;;;0.14;;;;;;;;0.14;;;;;;;;0.15;;0.14;;0.14;;
8;22;6;27;08022006_27_M;2019;11;;;;;;;;;;;;;;0.25;;;;;;0.14;;;;;;0.29;;;;;
8;22;6;27;08022006_27_M;2019;12;;;;;;0.29;;;;;;;;;;;;;;;;;;;;;;;;;
8;96;14;27;08096014_27_M;2019;1;;1.11;1.58;;;;0.61;;0.15;0.84;;;;;1.53;;0.29;0.49;;;0.84;;;0.54;1.25;;;;;0.4;
8;96;14;27;08096014_27_M;2019;2;;;;0.97;;;0.56;;;;0.45;;0.33;;;;;0.15;;;;0.84;;;0.29;0.61;;;;;
8;96;14;27;08096014_27_M;2019;3;;;;0.14;;;;;;0.14;;0.16;0.14;;;;;;0.25;0.17;;;;;;0.14;;0.14;;;
8;96;14;27;08096014_27_M;2019;4;0.14;;0.14;;;;;;0.14;;0.15;;;;0.14;;0.14;;0.14;;;;0.14;;0.14;;;;0.14;;
8;96;14;27;08096014_27_M;2019;5;;0.14;;0.14;;0.14;;;;0.14;;;;0.14;;0.14;;;;0.14;;0.14;;;;0.14;;0.14;;0.14;
8;96;14;27;08096014_27_M;2019;6;;;;;0.14;;0.14;;;;0.14;;0.14;;;;0.14;;0.14;;;;;;0.14;;0.14;;0.14;;
8;96;14;27;08096014_27_M;2019;7;0.14;;;;;;;;;0.14;;0.14;;0.14;;;;;;;;;;0.14;;0.14;;0.14;;0.14;
8;96;14;27;08096014_27_M;2019;8;;;;;;;;;;;;;;;;0.14;;;;;;;0.14;;0.14;;0.14;;0.14;;
8;96;14;27;08096014_27_M;2019;9;;0.14;;0.14;;0.19;;0.14;;0.14;;0.14;;0.14;;0.14;;0.14;;0.14;;0.14;;0.14;;0.14;;;;0.14;
8;96;14;27;08096014_27_M;2019;10;;;0.14;;;;0.14;;0.14;;0.14;;0.14;;0.14;;0.14;;;;0.14;;0.14;;0.14;;;;0.38;;0.24
8;96;14;27;08096014_27_M;2019;11;;;;;0.14;;0.18;;0.15;;0.31;;;;0.35;;;;0.83;;0.83;;;;0.61;;0.33;;0.14;;
8;96;14;27;08096014_27_M;2019;12;0.17;;;0.14;;;;;;0.83;;0.22;;;;0.57;;;;0.26;;;;0.69;;1.11;;;;0.5;
8;112;3;27;08112003_27_M;2019;1;;;;4.87;;3.89;;4.17;;1.53;;;;0.57;;2.23;;;;0.15;;3.06;;;;0.67;;;;0.49;
8;112;3;27;08112003_27_M;2019;2;;;0.97;;;2.5;;0.97;;0.44;;;;1.95;;1.81;;0.57;;0.64;;;;0.22;;0.97;;;;;
8;112;3;27;08112003_27_M;2019;3;;0.61;;;;0.21;;0.42;;;;0.22;;0.14;;0.14;;0.14;;;;;;0.15;;0.14;;0.14;;;
8;112;3;27;08112003_27_M;2019;4;;;;;0.24;;0.14;;0.14;;0.61;;0.14;;0.15;;;;0.14;;;;;;;;;;;;
8;112;3;27;08112003_27_M;2019;5;;;;;;;;;;0.14;;0.14;;0.14;;0.14;;0.14;;;;0.14;;0.14;;0.14;;0.14;;0.14;
8;112;3;27;08112003_27_M;2019;6;0.14;;0.14;;0.15;;0.14;;0.14;;;;0.14;;0.14;;0.14;;0.14;;;;0.14;;0.14;;0.14;;0.14;;
8;112;3;27;08112003_27_M;2019;7;0.14;;0.18;;0.14;;0.14;;0.14;;0.14;;0.14;;0.14;;0.14;;;;0.14;;;;0.14;;0.14;;0.14;;0.14
8;112;3;27;08112003_27_M;2019;8;;0.14;;;;;;;;;;;;;;0.14;;0.14;;;;0.14;;0.14;;;;0.14;;0.14;
8;112;3;27;08112003_27_M;2019;9;0.14;;0.14;;;;0.14;;;0.14;;0.14;;;;0.14;;0.14;;;;0.14;;;;0.14;;;;;
8;112;3;27;08112003_27_M;2019;10;;;;;;;;;;;;0.14;;;;0.14;;0.14;;0.14;;;;0.22;;0.26;;0.54;;;
8;112;3;27;08112003_27_M;2019;11;0.5;;0.14;;0.28;;;;;;;;;0.83;;0.26;;1.53;;4.31;;;;0.97;;2.5;;;;0.45;
8;112;3;27;08112003_27_M;2019;12;;;;0.19;;0.97;;;;;;2.37;;2.09;;;;3.34;;0.17;;;;6.95;;;;1.53;;1.25;
8;113;2;27;08113002_27_M;2019;1;;0.71;;;;;;;;;;0.73;;0.87;;;;;;;;;;0.2;;;;0.3;;;
8;113;2;27;08113002_27_M;2019;2;;;0.55;;0.49;;;;;;;;0.44;;;;;;;;0.23;;;;0.17;;;;;;
8;113;2;27;08113002_27_M;2019;3;;;;;;;;;0.14;;;;;;0.14;;;;;;0.14;;;;;;0.14;;;;
8;113;2;27;08113002_27_M;2019;7;;;;;0.14;;;;0.14;;;;;;;;;;;0.14;;;;;;;;0.14;;;
8;113;2;27;08113002_27_M;2019;8;0.14;;;;;;0.14;;;;;;0.14;;;;;;;;;0.14;;;;;;;;0.14;
8;113;2;27;08113002_27_M;2019;9;;;0.14;;;;;;0.14;;;;;;;;;;0.14;;;;;;0.14;;;;;;
8;113;2;27;08113002_27_M;2019;10;0.14;;;;;;;;;;0.14;;;;;;;;;0.14;;;;0.14;;;;0.3;;;
8;113;2;27;08113002_27_M;2019;11;;;;;;;;;;;0.42;;;;0.41;;;;;;0.7;;;;0.53;;;;;;
8;113;2;27;08113002_27_M;2019;12;;;1.01;;;;;;;;;;;;;;;;;0.86;;;;;;0.39;;;;0.34;
8;125;12;27;08125012_27_M;2019;1;;;1.81;;;;;0.84;;;;;;1.25;;;;;;;;;;;;;0.46;;;0.25;
8;125;12;27;08125012_27_M;2019;2;;;;;0.85;;;;;;0.22;;;;;;;;;0.25;;;;;;;;0.38;;;
8;125;12;27;08125012_27_M;2019;3;;;;;0.54;;;;;;;;0.14;;;;;;0.3;;;;;;;;;;;0.14;
8;125;12;27;08125012_27_M;2019;4;;;;0.19;;;;;0.15;;;;;;;;0.15;;;;;;;;0.14;;;;0.14;;
8;125;12;27;08125012_27_M;2019;5;;0.16;;;;;0.14;;;;;;;;;0.14;;;;;;0.14;;;;;;;;;
8;125;12;27;08125012_27_M;2019;6;0.14;;0.14;;;;;;;;0.14;;;;;;;;0.14;;;;;;;;0.14;;;;
8;125;12;27;08125012_27_M;2019;7;;0.14;;;;;;;;0.14;;;;;0.15;;;;;;;;0.14;;;;;;;;0.14
8;125;12;27;08125012_27_M;2019;8;;;;;0.14;;;;;;;;0.14;;;;;;;;;;;0.14;;;;0.14;;;
8;125;12;27;08125012_27_M;2019;9;;;0.14;;;;;;;;;0.14;;;;0.14;;;;;;;;;0.14;;;;;;
8;125;12;27;08125012_27_M;2019;10;0.15;;;;;;0.14;;;;;;;;;0.14;;;;;;0.14;;;;;;;;;
8;125;12;27;08125012_27_M;2019;11;0.35;;;;;0.17;;;;;;;;;;;;;1.4;;;;;;;0.22;;;;;
8;125;12;27;08125012_27_M;2019;12;;;;;;;;;;;;0.14;;0.14;;;0.97;;;;;;;;;;1.4;;;0.28;
8;282;1;27;08282001_27_M;2019;1;;0.17;;;;;;0.15;;;;;;0.19;;;;;;;;;;;;;0.14;;;0.14;
8;282;1;27;08282001_27_M;2019;2;;;;;0.14;;;;;;0.14;;;;;;;;;0.14;;;;;;;;0.14;;;
8;282;1;27;08282001_27_M;2019;3;;;;;0.14;;;;;;;;;;;;0.14;0.14;;;;;;;;;0.14;;;;
8;282;1;27;08282001_27_M;2019;4;;0.14;;;;;;;;;0.14;;;;0.14;;;;;;;;;0.14;;;;;;0.15;
8;282;1;27;08282001_27_M;2019;5;;;;;;0.14;;;;;;;;;0.14;;;;;;;;;;;0.14;;0.14;;;
8;282;1;27;08282001_27_M;2019;6;;;0.14;;;;;;;;;0.14;;;;;;;;0.14;;;;;0.14;;;;;;
8;282;1;27;08282001_27_M;2019;7;;;0.14;;;;;;;;;0.14;;;;;;;;;0.14;0.14;;;;;;;;0.14;
8;282;1;27;08282001_27_M;2019;8;;;;0.14;;;0.14;;;;;0.14;;;;;;;;0.14;;;;;;;;;;;
8;282;1;27;08282001_27_M;2019;9;0.14;;;0.14;;;;;;;;0.14;;;;;;0.14;;;;;;;;;0.14;;;;
8;282;1;27;08282001_27_M;2019;10;;;;;0.14;;0.14;;;;;;;;0.15;;;;;;;;0.14;;;;;0.14;;;
8;282;1;27;08282001_27_M;2019;11;;;;;;;;;;0.14;;0.14;;;;;;0.15;;;;;;;0.23;;;;;;
8;282;1;27;08282001_27_M;2019;12;;;;;;;;;;;0.14;;;;;;0.14;;;;;;;;;;0.15;;;0.15;
8;307;6;27;08307006_27_M;2019;1;;;;0.18;;;;;;;;;0.27;0.21;;;;;;;;;;;0.15;;;;0.14;;
8;307;6;27;08307006_27_M;2019;2;;;;;;0.23;;;;;;;;;0.19;;;;;0.16;;;;;;;;;;;
8;307;6;27;08307006_27_M;2019;3;;;0.14;0.14;;;;;;;;0.14;;;;;;;;0.14;;;;;;;;;;0.14;
8;307;6;27;08307006_27_M;2019;4;;;;0.15;;;;0.14;;;;;;;;;0.14;;;;;;;;;0.14;;;;0.14;
8;307;6;27;08307006_27_M;2019;5;;;;;;;;;;;0.14;;;;;;;;0.14;0.14;;;;;;;;;0.14;;
8;307;6;27;08307006_27_M;2019;6;;;;;;;;0.14;;;0.14;;;;;;;;;0.14;;;;;;;;0.14;;;
8;307;6;27;08307006_27_M;2019;7;;;0.14;;;;;;;;;;;0.14;;;;;0.14;;;;;;;0.14;;;0.14;;
8;307;6;27;08307006_27_M;2019;8;;;;;;0.14;;;;;;0.14;;;;;;;;;;;;0.14;;;;;;;0.14
8;307;6;27;08307006_27_M;2019;9;;;0.14;;;;;;;;;0.14;;;;0.14;;;;;;;;;0.14;;;;;;
8;307;6;27;08307006_27_M;2019;10;0.14;;;;;;;;;;0.14;;;;;;0.14;;;;;;0.14;;;;;;0.14;;
8;307;6;27;08307006_27_M;2019;11;;;;;;;;0.14;;;0.14;;;;;;;;;;;;;0.22;;;;0.14;;;
8;307;6;27;08307006_27_M;2019;12;;;;0.14;;;;;;0.34;;;;;;0.16;;;;;;;;;;;;;0.19;;
10;37;1;27;10037001_27_M;2019;1;;0.13;;;;0.12;;;;0.11;;;;;;;;;;0.001;;;;;0.032;;;;;;
10;37;1;27;10037001_27_M;2019;2;;;;0.066;;;;;;;;;;;;;;;;;;;;;;;;;;;
10;37;1;27;10037001_27_M;2019;3;;;;;;;;;;0.025;;;;;0.37;;;;;0.017;;;;;;;;;;;
10;37;1;27;10037001_27_M;2019;4;;;;;;;;;;;;;0.012;;;;0.003;;;;;;;;;;;;;0.011;
10;37;1;27;10037001_27_M;2019;5;;;;;0.001;;;;;0.001;;;;;0.001;;;;;0.003;;;;;0.001;;;;;;
10;37;1;27;10037001_27_M;2019;6;;;;0.015;;;;;0.025;;;;;0.018;;;;;0.014;;;;;;;;;;0.018;;
10;37;1;27;10037001_27_M;2019;7;;;;0.019;;;;;0.015;;;;;0.021;;;;;0.019;;;;;0.02;;;;;;;
10;37;1;27;10037001_27_M;2019;8;;;;0.019;;;;;0.012;;;;;0.014;;;;;;0.019;;;;;0.021;;;;;;
10;37;1;27;10037001_27_M;2019;9;;;;0.016;;;;;;;;;;0.012;;;;;0.02;;;;;0.013;;;;;0.016;;
10;37;1;27;10037001_27_M;2019;10;;;;;;;;;;;;;;;;;;;;;;;;;;;;;;;
10;37;1;27;10037001_27_M;2019;11;;;0.001;;;;;0.017;;;;;0.009;;;;;0.05;;;;;;;;;;0.005;;;
10;37;1;27;10037001_27_M;2019;12;;;0.052;;;;;0.05;;;;;;;;;;0.005;;;;;0.028;;;;;0.15;;;
11;8;1;27;11008001_27_M;2019;3;;;0.091;;0.091;;0.091;;0.091;;0.091;;0.091;;0.091;;0.091;;0.091;;;;;;;;;;;;
8;113;2;27;08113002_27_M;2019;4;;0.14;;;;;;;;;;;;0.14;;;;0.14;;;;0.14;;;;;;;;0.14;
8;113;2;27;08113002_27_M;2019;5;;;;;;;;;;0.14;;;;;;;;0.14;;;;0.14;;;;;;;;0.14;
8;113;2;27;08113002_27_M;2019;6;;;0.14;;;;;;;;0.14;;;;;;;;0.14;;;;;;;;0.14;;;;
11;8;1;27;11008001_27_M;2019;1;;;;;;;;;;;;;;;;;;;;;;;;;;;;;;;
11;8;1;27;11008001_27_M;2019;2;;;;;;;;;;;;;;;;;;;;;;;;;;;;;;;
11;8;1;27;11008001_27_M;2019;4;;;;0.091;;;;0.091;;;;;;;;;;;;;;;;;;;;;;;
11;8;1;27;11008001_27_M;2019;5;;;;;;;;;;;;;;;;;;;;;;;;;;;;;;;
11;8;1;27;11008001_27_M;2019;6;;;;;;;;;0.091;;;;;0.091;;0.091;;0.091;;;;;;;;;;;;;
11;8;1;27;11008001_27_M;2019;7;;;0.091;;0.091;;0.091;;0.091;;0.091;;0.091;;0.091;;;;;;0.091;;0.091;;0.091;;0.091;;0.091;;
11;8;1;27;11008001_27_M;2019;8;;0.12;;;;0.12;;;;0.12;;;;0.12;;;;0.12;;;;;;;;;;;;;
11;8;1;27;11008001_27_M;2019;9;;;;;;;;;;;;;;;;;;;;0.091;;0.091;;;;0.091;;0.091;;;
11;8;1;27;11008001_27_M;2019;10;;;;;;0.091;;;;;;0.091;;;;;;;;;;;;;;;;;;;
11;8;1;27;11008001_27_M;2019;11;0.091;;0.091;;0.091;;;;;;0.091;;;;;;;;;;;;;;;;;;;;
11;8;1;27;11008001_27_M;2019;12;;;0.091;;0.091;;0.091;;0.091;;0.091;;;;;;;;;;;;;;;;;;;;
11;31;1;27;11031001_27_M;2019;1;;;;;;;;;;;;;;;;;;;;;;;;;;;;;;;
11;31;1;27;11031001_27_M;2019;2;;;;;;;;;;;;;;;;;;;;;;;;;;;;;;;
11;31;1;27;11031001_27_M;2019;3;;0.091;;0.091;;0.091;;0.091;;0.09;;;;0.091;;0.091;;0.091;;0.091;;;;;;;;;;;
11;31;1;27;11031001_27_M;2019;4;;0.091;;0.091;;0.091;;0.091;;0.091;;;;0.091;;0.091;;0.091;;0.091;;0.091;;;;;;;;;
11;31;1;27;11031001_27_M;2019;5;;;;;;0.091;;;;;;0.091;;;;;;0.091;;;;;;0.091;;;;;;;
11;31;1;27;11031001_27_M;2019;9;;;;;;0.091;;;;;;0.091;;;;;;0.091;;;;;;0.091;;;;;;0.091;
11;31;1;27;11031001_27_M;2019;6;;;;0.091;;;;;;0.091;;;;;;0.09;;;;;;0.091;;;;;;0.091;;;
11;31;1;27;11031001_27_M;2019;7;;;;;0.091;;;;;;0.091;;;;;;0.091;;;;;;0.091;;;;;;0.091;;
11;31;1;27;11031001_27_M;2019;8;;;;0.091;;;;;;0.091;;;;;;0.091;;;;;;0.091;;;;;;0.091;;;
11;31;1;27;11031001_27_M;2019;10;;;0.091;;;;;;0.091;;;;;;0.091;;;;;;0.091;;;;;;0.091;;;;
11;31;1;27;11031001_27_M;2019;11;;;;;0.091;;;;;;0.091;;;;;;0.091;;;;;;0.091;;;;;;;;
11;31;1;27;11031001_27_M;2019;12;;;;;0.091;;;;;;0.091;;;;;;0.091;;;;;;0.091;;;;;;;;
12;32;5;27;12032005_27_M;2019;1;;;;;;;;;;;;;;;;;;;;;;;;;;;;;;;
12;32;5;27;12032005_27_M;2019;2;;;;;;;;;;;;;;;;;;;;;;;;;;;;;;;
12;32;5;27;12032005_27_M;2019;3;;;;;;;;;;;;;;;;;;;;;;;;;;;;;;;
12;32;5;27;12032005_27_M;2019;4;;;;;;;;;;;;;;;;;;;;;;;;;;;;;;;
12;32;5;27;12032005_27_M;2019;5;;;;;;;;;;;;;;;;;;;;;;;;;;;;;;;
12;32;5;27;12032005_27_M;2019;6;;;;;;;;;;;;;;;;;;;;;;;;;;;;;;;
12;32;5;27;12032005_27_M;2019;7;;;;;;;;;;;0.04;;0.04;;;;0.05;;;;;;;;;;;;0.04;;
12;32;5;27;12032005_27_M;2019;8;;;;;;;;;;;;;;;;;;;;;;;;;;;;;;;
12;32;5;27;12032005_27_M;2019;9;;;;;;;;;;;;;;;;;;;;;;;;;;;;;;;
12;32;5;27;12032005_27_M;2019;10;;;;;;;;;;;;;;;;;;;;;;;;;;;;;;;
12;32;5;27;12032005_27_M;2019;11;;;;;;;;;;;;;;;;;;;;;;;;;;;;;;;
12;32;5;27;12032005_27_M;2019;12;;;;;;;;;;;;;;;;;;;;;;;;;;;;;;;
12;40;15;27;12040015_27_M;2019;1;;;;;;;;;;;;;;;;;;;;;;;;;;;;;;;
12;40;15;27;12040015_27_M;2019;2;;;;;;;;;;;;;;;;;;;;;;;;;;;;;;;
12;40;15;27;12040015_27_M;2019;3;;;;;;;;;;;;;;;;;;;;;;;;;;;;;;;
12;40;15;27;12040015_27_M;2019;4;;;;;;;;;;;;;;;;;;;;;;;;;;;;;;;
12;40;15;27;12040015_27_M;2019;5;;;;;;;;;;;;;;;;;;;;;;;;;;;;;;;
12;40;15;27;12040015_27_M;2019;6;;;;;;;;;;;;;;;;;;;;;;;;;;;;;;;
12;40;15;27;12040015_27_M;2019;7;;;;;;;;;;;;;0.04;;;;;;;;;;;;;;;;;;
12;40;15;27;12040015_27_M;2019;8;;;;;;;;;;;;;;;;;;;;;;;;;;;;;;;
12;40;15;27;12040015_27_M;2019;9;;;;;;;;;;;;;;;;;;;;;;;;;;;;;;;
12;40;15;27;12040015_27_M;2019;10;;;;;;;;;;;;;;;;;;;;;;;;;;;;;;;
12;40;15;27;12040015_27_M;2019;11;;;;;;;;;;;;;;;;;;;;;;;;;;;;;;;
12;40;15;27;12040015_27_M;2019;12;;;;;;;;;;;;;;;;;;;;;;;;;;;;;;;
13;71;15;27;13071015_27_M;2019;1;;;;;;;;;;;;;;;;;;;;;;;;;;;;;;;
13;71;15;27;13071015_27_M;2019;2;;;;;;;;;;;;;;;;0.1418;;;;;;;;;;;;;;;
13;71;15;27;13071015_27_M;2019;3;;;;;;;;;;;;;;;;;;;;;;;;;;0.0181;;;;;
13;71;15;27;13071015_27_M;2019;4;;;0.0556;;;;;;0.0208;;;;;;;;;;;;;;;;;;;;;;
13;71;15;27;13071015_27_M;2019;5;;;;;;;;;;;;0.0111;;;;;;;;0.0264;;;;;;;;0.0028;;;
13;71;15;27;13071015_27_M;2019;6;;;0.0167;;;;;;;;0.0111;;;;;0.0347;;;;;;;;;;0.0209;;;;;
13;71;15;27;13071015_27_M;2019;7;;0.0097;;;;;;0.0139;;;;;;;;;;;;;;0.0101;;;;;0.011;;;;
13;71;15;27;13071015_27_M;2019;8;;;;;;;;;;;;;;;;;;;;;;;;;;;;;;0.0181;
13;71;15;27;13071015_27_M;2019;9;;;;;;;;;;;;;;;;;;;;;;;;;;;;;;;
13;71;15;27;13071015_27_M;2019;10;;;;;;;;;;;;;;;;;;;;;;;;;;;;;;;
13;71;15;27;13071015_27_M;2019;11;;;;;0.0236;;;;;;;;;;;;;;;;;;;;0.0806;;;;;;
13;71;15;27;13071015_27_M;2019;12;;0.0111;;;;;;;;0.1876;;;;;;;0.0389;;;;;;;;;;;;;;0.314
14;21;7;27;14021007_27_M;2019;1;;;;;;;;;;;;;;;;;;;;;;;;;;;;;;;
14;21;7;27;14021007_27_M;2019;2;;;;;;;;;;;;;;;;;;;;;;;;;;;;;;;
14;21;7;27;14021007_27_M;2019;3;0.091;;0.091;;0.091;;0.091;;0.091;;0.091;;0.091;;0.091;;0.091;;;;;;;;;;;0.091;;0.091;
14;21;7;27;14021007_27_M;2019;4;0.091;;0.09;;0.091;;;0.091;;0.091;;0.091;;;;;;0.091;;0.09;;;;;;;;;;;
14;21;7;27;14021007_27_M;2019;5;;;;;;0.091;;;;;;0.091;;;;;;0.09;;;;;;0.091;;;;;;0.091;
14;21;7;27;14021007_27_M;2019;6;;;;;;;;;;;;;;;;;;;;;;;;;;;;;;;
14;21;7;27;14021007_27_M;2019;7;;;;;;;;;;0.091;;0.091;;0.091;;0.091;;0.091;;0.091;;0.091;;0.091;;;;;;;
14;21;7;27;14021007_27_M;2019;8;;;;0.091;;;;;;0.091;;;;;;0.091;;;;;;0.091;;;;;;0.091;;;
14;21;7;27;14021007_27_M;2019;9;;;;;;0.09;;;;;;0.091;;;;;;0.091;;;;;;0.091;;;;;;0.091;
14;21;7;27;14021007_27_M;2019;10;;;;;;0.091;;;;;;0.091;;;;;;0.091;;;;;;0.091;;;;;;0.091;
14;21;7;27;14021007_27_M;2019;11;;;;;0.091;;;;;;0.091;;;;;;0.27;;;;;;0.091;;;;;;0.091;;
14;21;7;27;14021007_27_M;2019;12;;;;;0.091;;;;;;0.27;;;;;;0.091;;;;;;0.091;;;;;;0.27;;
14;68;1;27;14068001_27_M;2019;1;;;;;;;;;;;;;;;;;;;;;;;;;;;;;;;
14;68;1;27;14068001_27_M;2019;2;;;;;;;;;;;;;;;;;;;;;;;;;;;;0.091;;;
14;68;1;27;14068001_27_M;2019;3;;0.091;;0.091;;0.091;;0.091;;0.091;;0.091;;;;;;;;;;;;;;;;;0.091;;0.091
14;68;1;27;14068001_27_M;2019;4;;;;0.091;;0.091;;0.091;;0.091;;0.091;;;;;0.091;;0.091;;0.091;;0.091;;;;;;;;
14;68;1;27;14068001_27_M;2019;5;;;;;;0.091;;;;;;0.091;;;;;;0.091;;;;;;0.091;;;;;;0.091;
14;68;1;27;14068001_27_M;2019;6;;;;;0.091;;;;;;0.091;;;;;;0.091;;;;;;0.091;;;;;;0.091;;
14;68;1;27;14068001_27_M;2019;7;;;;;;;;;;;;;0.091;;0.091;;0.091;;0.091;;0.091;;;;;;;;;;
14;68;1;27;14068001_27_M;2019;8;;;;0.091;;;;;;0.091;;;;;;0.091;;;;;;0.091;;;;;;0.091;;;
14;68;1;27;14068001_27_M;2019;9;;;;;;0.091;;;;;;0.091;;;;;;0.091;;;;;;0.091;;;;;;0.091;
14;68;1;27;14068001_27_M;2019;10;;;;;;0.091;;;;;;0.091;;;;;;0.091;;;;;;0.091;;;;;;0.091;
14;68;1;27;14068001_27_M;2019;11;;;;;0.091;;;;;;0.091;;;;;;0.091;;;;;;0.091;;;;;;0.091;;
14;68;1;27;14068001_27_M;2019;12;;;;;0.091;;;;;;0.091;;;;;;;;;;;;;;;;;;0.091;;
15;23;4;27;15023004_27_M;2019;1;;;;;;;;0.63;0.65;0.23;0.93;;;0.41;0.35;0.4;0.77;0.36;;;0.41;0.05;0.05;0.12;0.23;;;0.25;0.12;0.05;0.05
15;23;4;27;15023004_27_M;2019;2;0.05;;;0.14;0.13;0.14;0.46;0.05;;;0.33;0.47;0.33;0.15;0.4;;;0.18;0.35;0.05;0.05;0.05;;;0.4;0.26;0.05;0.21;;;
15;23;4;27;15023004_27_M;2019;3;;0.05;;0.05;0.05;0.05;;;;;;;;;;;;;;;;;;;;;;;;;
15;23;4;27;15023004_27_M;2019;4;;;;;;;;;;;;;;;;;;;;;;;;;;;;;;;
15;23;4;27;15023004_27_M;2019;5;;;;;;;;;;;;;;;;;;;;;;;;;;;;;;;
15;23;4;27;15023004_27_M;2019;6;0.05;;0.05;0.05;0.05;;0.05;;;0.05;0.05;0.05;0.05;;;;0.05;0.05;0.05;0.05;0.05;;;;0.05;0.05;0.05;;;;
15;23;4;27;15023004_27_M;2019;7;;;;;;;;;0.05;;0.05;;;;0.05;0.05;0.05;0.05;;;;0.05;0.05;;0.05;;;;0.05;0.05;
15;23;4;27;15023004_27_M;2019;9;;;0.05;0.05;0.05;;0.05;;0.05;0.05;0.05;;0.05;;;0.05;0.13;;;;;;;;;;;;;;
15;23;4;27;15023004_27_M;2019;12;;;;;;;;;;;;;;;;;;;;;;;;;;;;;;;
15;30;1;27;15030001_27_M;2019;1;;;;;;;;;;;;;;;;;;;;;;;;;;;;;;;
15;30;1;27;15030001_27_M;2019;2;;;;;;;;;;;;;;;;;;;;0.51;1.2;0.67;0.36;1.9;0.6;0.7;1.3;0.22;;;
15;30;1;27;15030001_27_M;2019;3;0.3;2.0;2.0;0.32;0.74;;0.62;0.3;0.46;0.27;0.05;0.62;0.05;0.05;0.05;1.5;0.05;0.19;0.05;0.05;;0.84;0.35;0.63;0.16;0.05;0.11;0.16;0.87;0.79;0.52
15;30;1;27;15030001_27_M;2019;4;0.19;0.05;0.05;1.2;;0.25;0.65;0.67;0.05;0.05;0.12;0.21;0.4;0.49;0.35;0.44;0.73;0.05;0.05;;;;0.62;0.46;0.89;0.18;0.29;0.05;0.17;0.05;
15;30;1;27;15030001_27_M;2019;5;0.05;0.05;0.05;0.05;0.1;0.52;;0.05;0.51;0.4;0.17;0.05;0.12;0.35;0.19;0.05;0.05;0.05;0.17;0.16;0.22;;0.43;0.05;0.05;0.05;0.21;0.05;0.05;0.97;0.43
15;30;1;27;15030001_27_M;2019;8;0.05;0.05;0.05;0.05;0.21;0.15;0.12;0.41;0.19;;;;0.11;0.19;0.05;0.16;0.52;0.05;0.05;0.05;0.05;0.11;0.05;0.05;0.05;0.05;;0.05;0.12;0.4;0.05
15;30;1;27;15030001_27_M;2019;9;0.05;0.05;0.05;0.05;0.05;0.05;0.05;0.05;0.05;0.05;;0.12;0.05;0.05;0.05;0.05;0.12;0.05;0.14;0.17;0.48;0.7;0.29;0.05;0.68;;0.16;0.14;0.68;0.3;
15;30;1;27;15030001_27_M;2019;11;0.05;0.05;0.05;0.05;0.05;0.05;0.05;0.05;0.05;0.05;0.05;;0.05;0.05;0.05;0.16;0.05;0.92;0.37;0.25;0.13;0.05;0.05;0.05;0.05;0.05;;0.18;0.25;0.05;
15;30;21;27;15030021_27_M;2019;1;;1.1;1.2;;4.8;;0.98;0.88;0.23;0.46;;0.23;;0.5;9.5;14.0;0.84;;7.4;;9.3;2.6;0.05;0.05;;;0.05;;;8.5;
15;30;21;27;15030021_27_M;2019;2;;0.79;;1.2;3.8;;5.4;;1.6;;0.79;1.5;1.7;0.4;1.6;;;0.43;0.55;0.68;1.2;;0.41;;0.73;1.0;1.1;0.64;;;
15;30;21;27;15030021_27_M;2019;6;1.0;;0.85;0.71;0.12;0.39;;0.05;;0.05;0.05;0.15;0.24;;0.33;;0.18;0.88;0.05;0.05;;0.16;;;0.19;0.19;0.14;;0.05;;
15;30;21;27;15030021_27_M;2019;11;;;;0.19;0.36;0.05;0.05;;0.05;;1.1;0.05;;;;9.0;;1.0;0.29;0.86;0.21;;0.05;;0.11;0.18;0.36;0.69;;0.13;
15;23;4;27;15023004_27_M;2019;8;;0.05;;0.05;0.05;0.05;0.05;0.05;;0.05;;0.05;;;;;;;;;;;;;0.05;0.05;0.05;0.05;;;
15;30;21;27;15030021_27_M;2019;5;;0.05;0.05;;;0.31;2.9;7.2;9.4;;0.18;;0.26;0.59;0.28;0.05;;;;0.2;0.24;0.3;0.05;;0.05;;0.14;0.05;0.84;0.64;
15;30;21;27;15030021_27_M;2019;8;0.05;;0.05;;0.1;0.12;0.14;0.49;;0.71;;0.15;;0.1;;;0.39;;0.05;0.05;0.35;0.05;;0.05;;0.05;0.05;0.24;2.3;;0.05
15;23;4;27;15023004_27_M;2019;10;;;;;;;;;;;;;;;;;;;;;;;;;;;;;;;
15;23;4;27;15023004_27_M;2019;11;;;;;;;;;;;;;;;;;;;;;;;;;;;;;;;
15;30;1;27;15030001_27_M;2019;10;0.05;0.11;0.73;0.14;0.98;0.11;0.73;0.3;0.05;0.16;;0.27;0.21;0.13;0.59;0.05;0.55;0.22;0.21;0.05;0.56;2.5;0.24;0.27;0.2;;;;0.43;0.35;0.46
15;30;1;27;15030001_27_M;2019;12;0.05;0.05;0.39;0.44;0.05;1.0;0.7;0.18;0.88;0.55;0.05;;;0.13;0.33;0.24;0.86;0.14;0.19;0.21;0.05;0.05;0.11;0.21;0.15;0.53;;;;;
15;24;5;27;15024005_27_M;2019;2;;;;;;;;;;;;;;;;;;;0.084;0.084;0.084;;;;;0.084;0.084;0.084;;;
15;24;5;27;15024005_27_M;2019;3;;;;;;;;;;;0.084;0.084;;0.084;0.084;;;;;0.084;0.084;0.084;;;0.084;;;;;;
15;24;5;27;15024005_27_M;2019;4;;;;;;;;;;;;;;;;;;;;;;;;;;;;;0.024;0.024;
15;24;5;27;15024005_27_M;2019;5;;0.024;;;;;0.024;0.024;0.024;;;;0.024;0.024;0.024;;;;;0.024;0.024;0.024;0.024;0.024;;;;;;;
15;24;5;27;15024005_27_M;2019;7;;;;;;;;;0.025;0.025;0.025;0.025;;;0.025;0.025;0.025;0.025;0.025;;;0.025;0.025;0.025;;;;;0.025;0.025;
15;24;5;27;15024005_27_M;2019;11;;;;0.032;0.032;0.032;0.032;0.032;;;0.032;0.032;0.032;0.032;0.032;;;0.032;0.032;0.032;0.032;;;;;;;;;;
15;30;1;27;15030001_27_M;2019;6;0.3;0.3;0.27;0.19;0.17;;;0.22;0.05;0.15;0.05;0.05;0.33;0.41;0.12;0.05;0.21;0.4;0.15;0.05;0.05;;;;;0.05;0.11;0.27;0.13;0.05;
15;30;1;27;15030001_27_M;2019;7;0.05;0.05;0.05;0.05;0.19;0.05;0.05;0.05;0.05;;0.15;0.27;0.05;0.05;0.05;0.05;0.05;0.33;0.12;0.11;0.05;0.05;0.05;0.05;;;0.05;0.11;0.05;0.05;0.12
15;30;21;27;15030021_27_M;2019;3;;1.2;;2.2;;3.3;1.2;;3.2;;0.45;0.7;0.15;0.05;0.54;;;0.21;;0.2;0.99;;2.5;;0.25;0.13;6.1;0.35;;;
15;30;21;27;15030021_27_M;2019;4;;0.05;0.33;1.5;;0.83;;1.2;0.44;0.05;0.15;;;0.12;0.54;0.44;0.54;;;;;0.63;1.0;2.5;;2.9;;;0.39;0.05;
15;30;21;27;15030021_27_M;2019;7;;;;0.33;;0.05;;0.05;0.05;0.13;0.74;;0.05;;0.05;0.05;0.55;;;0.05;;0.48;0.21;0.05;;;0.05;;0.28;0.05;0.05
15;30;21;27;15030021_27_M;2019;9;;0.05;0.05;0.05;0.05;;0.05;;0.05;0.05;0.05;0.05;;0.21;;0.12;0.11;0.1;0.39;;1.2;;0.51;1.5;0.63;1.3;;0.05;;1.8;
15;30;21;27;15030021_27_M;2019;10;0.36;0.19;0.29;;0.34;;1.0;;0.63;1.6;;0.16;;6.6;0.15;0.75;2.0;;0.05;;1.1;0.73;0.49;0.7;;0.18;;0.38;0.15;;1.4
15;30;21;27;15030021_27_M;2019;12;;0.05;0.8;0.43;;0.53;;;0.9;0.21;2.1;0.05;;0.96;;0.43;0.21;0.05;0.23;;0.33;;0.05;;;0.99;;1.1;;1.1;
15;30;27;27;15030027_27_M;2019;1;2.8;;0.62;1.9;2.0;0.96;0.42;0.29;0.1;0.05;0.05;0.15;0.05;0.05;1.3;0.33;;3.0;0.28;0.05;0.05;0.05;0.05;0.05;0.05;0.18;0.05;0.05;0.16;0.51;
15;30;27;27;15030027_27_M;2019;2;0.81;0.14;0.57;;1.2;1.8;0.72;0.58;1.2;0.18;0.25;0.65;0.97;0.25;0.13;0.31;0.1;0.1;0.33;0.22;0.25;0.28;0.22;0.23;0.31;0.36;0.61;0.15;;;
15;30;27;27;15030027_27_M;2019;3;0.27;0.16;0.05;0.05;0.05;0.1;0.1;0.12;0.05;0.05;0.05;0.2;0.05;0.05;0.05;0.05;0.05;0.05;0.05;0.05;0.05;0.05;0.05;0.05;0.05;0.05;0.05;0.05;0.18;;
15;30;27;27;15030027_27_M;2019;4;;0.05;0.05;0.36;0.2;0.05;0.14;0.21;0.05;0.05;0.05;0.1;0.15;0.12;0.23;0.12;0.3;0.05;0.05;0.05;0.11;0.52;0.13;0.05;0.28;0.05;0.1;0.05;0.12;0.05;
15;30;27;27;15030027_27_M;2019;5;0.05;0.05;0.05;0.05;0.05;0.23;0.26;;;;0.11;0.05;0.05;0.11;0.05;0.05;0.05;0.05;0.05;0.05;0.1;0.15;0.14;0.05;0.05;0.05;0.1;0.05;0.05;0.11;0.13
15;30;27;27;15030027_27_M;2019;6;0.13;0.05;0.05;0.05;0.05;0.05;0.05;0.05;0.05;0.05;0.05;;0.18;0.14;0.05;0.05;0.05;0.13;0.05;0.05;0.05;0.24;;;0.05;0.05;0.05;0.12;0.05;0.05;
15;30;27;27;15030027_27_M;2019;8;;0.05;0.05;0.05;0.05;0.05;0.05;0.13;0.14;0.2;0.25;0.05;0.05;0.05;0.05;0.05;0.05;0.05;0.05;0.05;0.05;0.05;0.05;0.05;0.05;0.05;0.05;0.05;0.05;0.11;0.05
15;30;27;27;15030027_27_M;2019;11;0.05;0.05;0.05;0.05;0.05;0.05;0.05;0.05;0.05;0.05;0.05;0.05;0.05;0.05;0.05;0.05;0.05;0.48;0.23;0.15;0.14;0.05;0.05;;;;;0.05;0.12;0.05;
15;30;27;27;15030027_27_M;2019;12;0.05;0.05;0.22;0.2;0.05;0.57;0.22;0.05;0.5;0.2;0.05;0.05;0.05;;;;;;;;;;;;;;0.61;0.79;0.65;0.55;0.05
15;78;8;27;15078008_27_M;2019;1;;;;;;;;;;;;;;;;;;;;;;;;;;;;;;;
15;78;8;27;15078008_27_M;2019;2;;;;;;;;;;;;;;;;;;;;;;;;;;;;;;;
15;78;8;27;15078008_27_M;2019;3;;;;;;;;;;;;;;;;;;;;;;;;;;;;;;;
15;78;8;27;15078008_27_M;2019;4;;;;;;;;;;;;;;;;;;;;;;;;;;;;;;;
15;78;8;27;15078008_27_M;2019;5;;;;;;;;;;;;;;;;;;;;;;;;;;;;;;;
15;78;8;27;15078008_27_M;2019;7;0.05;0.05;0.05;0.05;;;0.05;0.05;0.05;0.05;0.05;;;0.05;0.05;0.05;0.05;0.05;;;0.05;0.05;0.05;;;;;0.05;0.05;0.05;0.05
15;78;8;27;15078008_27_M;2019;8;0.05;;;0.05;0.05;0.05;0.05;;;;;;;0.05;;;;;0.05;0.05;;0.05;;;;;0.05;;0.05;0.05;
15;78;8;27;15078008_27_M;2019;9;;;0.05;;0.05;;;0.05;0.05;0.05;0.05;0.05;;;0.05;0.05;0.05;0.05;;;;;;;0.05;;0.05;;;0.05;
15;78;8;27;15078008_27_M;2019;10;;0.05;0.05;;;0.05;0.14;0.05;0.14;0.05;;;0.05;0.05;0.05;;;;;0.23;0.25;0.14;0.12;;;;0.14;0.05;0.05;;
15;78;8;27;15078008_27_M;2019;11;;;;;;0.05;;;;0.1;;0.05;0.05;;;;;;;0.31;;0.05;;;0.05;;;;;;
15;78;8;27;15078008_27_M;2019;12;0.05;0.13;0.51;;;;;;1.2;0.28;0.28;0.05;;;0.24;0.28;;0.05;;;;;;;;;;;;;
17;22;2;27;17022002_27_M;2019;1;;0.32;;;;;;;;;;1.11;;;;;;0.83;;;;0.57;;;;;;;;0.68;
17;22;2;27;17022002_27_M;2019;2;;;0.14;;;;0.45;;;;0.15;;;;;;;;;;;;0.58;;;;0.31;;;;
17;22;2;27;17022002_27_M;2019;3;;;;;0.14;;;;;;;;;;0.14;;;;;;;;0.14;;0.14;;;;;;
17;22;2;27;17022002_27_M;2019;4;;;;;;;;;;;;0.14;;0.14;;0.14;;;;;;;;0.14;;;;;;;
17;22;2;27;17022002_27_M;2019;5;;0.14;;;;0.14;;;;;;;;0.14;;;;;;;;0.14;;;;;;;;0.14;
17;22;2;27;17022002_27_M;2019;6;;;;;;;0.14;;;;0.14;;;;;;0.14;;;;;;;;;;0.14;;;;
17;22;2;27;17022002_27_M;2019;7;;;0.14;;;;;;;;;0.14;;;;0.14;;;;;;;;;;;;;;;
17;22;2;27;17022002_27_M;2019;8;0.14;;;;0.14;;;;;;;0.14;;0.14;;;;;;0.14;;;;;;;;;;0.14;
17;22;2;27;17022002_27_M;2019;9;;;;;0.14;;;;;;0.14;;;;;;;;;;0.14;;0.14;;;;;;;;
17;22;2;27;17022002_27_M;2019;10;;;0.14;;0.14;;;;;;;0.14;;;;0.14;;;;;;;;0.14;;;;;;;
17;22;2;27;17022002_27_M;2019;11;0.21;;;;;;;;;;;;;;;0.57;;;;0.69;;;;;;;;0.43;;;
17;22;2;27;17022002_27_M;2019;12;;;;;;;;;;;;;;0.83;;0.33;;;;;;;;;;0.97;;;;;
17;44;6;27;17044006_27_M;2019;1;;1.02;;1.91;;;;2.9;;0.34;;;;;;;;2.03;;0.17;;1.6;;;;1.88;;;;1.45;
17;44;6;27;17044006_27_M;2019;2;0.27;;;;;;0.36;;0.3;;0.26;;;;0.56;;;;0.26;;;;0.41;;;;0.72;;;;
17;44;6;27;17044006_27_M;2019;3;0.14;;;;;;0.32;;0.14;;0.14;;0.15;;;;;;0.15;;;;0.43;;0.14;;;;0.16;;
17;44;6;27;17044006_27_M;2019;4;;;;0.14;;0.14;;;;;;;;0.17;;0.14;;;;0.14;;;;0.14;;0.14;;;;0.14;
17;44;6;27;17044006_27_M;2019;5;;0.14;;;;0.14;;;;0.16;;;;;;0.14;;0.14;;0.14;;0.14;;;;;;0.14;;;
17;44;6;27;17044006_27_M;2019;6;0.14;;;;0.14;;0.14;;;;;;0.14;;0.18;;0.14;;;;0.14;;;;0.14;;;;0.14;;
17;44;6;27;17044006_27_M;2019;7;0.14;;0.14;;;;;;;0.14;;0.14;;;;;;0.14;;0.14;;;;0.14;;0.14;;;;0.14;
17;44;6;27;17044006_27_M;2019;8;0.14;;;;0.14;;0.14;;;;;0.14;;;;0.14;;0.14;;0.14;;0.14;;;;0.14;;0.14;;;
17;44;6;27;17044006_27_M;2019;9;;;0.14;;0.14;;;;0.14;;;;0.14;;;;;;0.14;;0.14;;0.14;;0.14;;;;;;
17;44;6;27;17044006_27_M;2019;10;0.14;;;;0.14;;;0.14;;0.14;;;;;;0.14;;0.14;;0.14;;;;0.14;;;;0.14;;;
17;44;6;27;17044006_27_M;2019;11;0.14;;;;0.14;;;;;0.66;;;;0.32;;0.87;;1.16;;;;0.72;;;;2.59;;;;0.86;
17;44;6;27;17044006_27_M;2019;12;;;;0.19;;0.53;;;;;;;;0.42;;0.49;;;;0.14;;;;;;1.59;;2.78;;;
18;87;7;27;18087007_27_M;2019;5;;;;;;0.091;;;;;;0.091;;;;;;0.091;;;;;;0.091;;;;;;0.091;
15;30;27;27;15030027_27_M;2019;7;0.05;0.05;0.05;0.05;0.1;0.05;0.05;0.05;0.05;0.05;0.05;0.05;0.05;0.05;0.05;0.05;0.05;0.21;0.05;0.05;0.05;0.05;0.05;0.05;0.05;0.05;;;;;
15;30;27;27;15030027_27_M;2019;9;0.05;0.05;0.05;0.05;0.05;0.05;0.05;0.05;0.05;0.05;0.05;0.05;0.05;0.05;0.05;0.05;0.05;0.05;0.05;0.05;0.12;0.21;0.05;0.05;0.11;0.15;0.05;0.05;0.11;0.1;
15;30;27;27;15030027_27_M;2019;10;0.05;0.05;0.12;0.05;0.31;0.12;0.23;0.18;;0.05;0.2;0.05;0.12;0.05;0.2;0.05;0.26;0.11;0.05;0.05;0.18;0.11;0.05;0.13;0.05;0.05;;;0.1;;0.18
15;78;8;27;15078008_27_M;2019;6;;;;;;;;;;;;;;;;0.05;0.05;0.05;0.05;0.05;0.05;;;0.05;0.05;0.05;0.05;;;0.05;
18;87;7;27;18087007_27_M;2019;1;;;;;;;;;;;;;;;;;;;;;;;;;;;;;;;
18;87;7;27;18087007_27_M;2019;2;;;;;;;;;;;;;;;;;;;;;;;;;;;;;;;
18;87;7;27;18087007_27_M;2019;3;;;;;;;;0.091;;0.091;;0.091;;0.091;;0.091;;0.091;;0.091;;0.091;;0.091;;;;;;;
18;87;7;27;18087007_27_M;2019;4;;0.091;;0.091;;0.091;;0.091;;0.091;;;0.091;;0.091;;0.091;;0.091;;0.091;;;;;;;;;;
18;87;7;27;18087007_27_M;2019;6;;;;;;0.091;;;;;;0.091;;;;;;0.091;;;;;;0.091;;;;;;0.091;
18;87;7;27;18087007_27_M;2019;7;;;;;0.091;;;;;;0.091;;;;;;0.091;;;;;;0.091;;;;;;0.091;;
18;87;7;27;18087007_27_M;2019;8;;;;0.091;;;;;;0.091;;;;;;0.091;;;;;;0.091;;;;;;0.091;;;
18;87;7;27;18087007_27_M;2019;9;;;;;;0.091;;;;;;0.091;;;;;;0.091;;;;;;0.091;;;;;;0.091;
18;87;7;27;18087007_27_M;2019;10;;;;;0.091;;;;;;0.091;;;;;;0.091;;;;;;0.091;;;;;;0.091;;
18;87;7;27;18087007_27_M;2019;11;;;;;;0.091;;;;;;0.091;;;;;;0.45;;;;;;0.091;;;;;;0.45;
18;87;7;27;18087007_27_M;2019;12;;;;;;0.27;;;;;;0.091;;;;;;0.27;;;;;;0.63;;;;;;0.27;
20;69;5;27;20069005_27_M;2019;3;;0.2;;;;0.05;;;;0.05;;;;0.05;;;;0.05;;;;0.1;;;;0.05;;;;0.05;
20;69;5;27;20069005_27_M;2019;4;;;0.05;;;;0.05;;;;0.05;;;;0.05;;;;0.05;;;;0.05;;;;0.05;;;0.1;
21;50;1;27;21050001_27_M;2019;1;;;;;;;;;;;;;;;;;;;;;;;;;;;;;;;
21;50;1;27;21050001_27_M;2019;2;;;;;;;;;;;;;;;;;;;;;;;;;;;;;;;
21;50;1;27;21050001_27_M;2019;3;;;;;;;;;;;;;;;0.091;;0.091;;;;;;;;;;;;;;
21;50;1;27;21050001_27_M;2019;4;;;;0.091;;0.091;;0.091;;0.091;;0.091;;;0.089;;0.091;;0.091;;0.091;;0.091;;;;;;;;
21;50;1;27;21050001_27_M;2019;5;;;;;;;0.091;;;;;;0.091;;;;;;0.091;;;;;;0.091;;;;;;0.091
21;50;1;27;21050001_27_M;2019;6;;;;;;0.091;;;;;;0.091;;;;;;0.091;;;;;;0.091;;;;;;0.091;
21;50;1;27;21050001_27_M;2019;7;;;;;;0.091;;;;;;0.091;;;;;;0.091;;;;;;0.091;;;;;;0.091;
21;50;1;27;21050001_27_M;2019;8;;;;;0.091;;;;;;0.091;;;;;;0.091;;;;;;0.091;;;;;;0.091;;
21;50;1;27;21050001_27_M;2019;9;;;;;;;0.091;;;;;;0.091;;;;;;0.091;;;;;;0.091;;;;;;
21;50;1;27;21050001_27_M;2019;10;0.091;;;;;;0.091;;;;;;0.091;;;;;;0.09;;;;;;0.091;;;;;;0.09
21;50;1;27;21050001_27_M;2019;11;;;;;;0.091;;;;;;0.091;;;;;;0.091;;;;;;0.091;;;;;;0.091;
21;50;1;27;21050001_27_M;2019;12;;;;;;;0.091;;;;;;0.091;;;;;;;;;;;;;;;;;;
23;10;2;27;23010002_27_M;2019;1;;;;;;;;;;;;;;;;;;;;;;;;;;;;;;;
23;10;2;27;23010002_27_M;2019;2;;;;;;;;;;;;;;;;;;;;;;;;;;;;;;;
23;10;2;27;23010002_27_M;2019;3;;;0.091;;0.63;;0.091;;0.091;;0.091;;;;0.091;;0.091;;0.091;;0.091;;;;;;;;;;
23;10;2;27;23010002_27_M;2019;4;;0.092;;0.091;;0.091;;0.091;;0.091;;;;0.091;;0.091;;0.091;;0.091;;0.091;;;;;;;;;
23;10;2;27;23010002_27_M;2019;5;;;;;;0.091;;;;;;0.091;;;;;;0.091;;;;;;0.091;;;;;;0.091;
23;10;2;27;23010002_27_M;2019;6;;;;;0.091;;;;;;0.091;;;;;;0.091;;;;;;0.091;;;;;;0.091;;
23;10;2;27;23010002_27_M;2019;7;;;;;0.091;;;;;;0.091;;;;;;0.091;;;;;;0.091;;;;;;0.091;;
23;10;2;27;23010002_27_M;2019;8;;;;0.091;;;;;;0.091;;;;;;0.091;;;;;;0.091;;;;;;0.091;;;
23;10;2;27;23010002_27_M;2019;9;;;;;;0.091;;;;;;0.091;;;;;;0.091;;;;;;0.091;;;;;;0.091;
23;10;2;27;23010002_27_M;2019;10;;;;;;0.091;;;;;;0.091;;;;;;0.091;;;;;;0.091;;;;;;0.091;
23;10;2;27;23010002_27_M;2019;11;;;;;0.091;;;;;;0.27;;;;;;0.27;;;;;;0.091;;;;;;0.27;;
23;10;2;27;23010002_27_M;2019;12;;;;;0.091;;;;;;0.45;;;;;;0.091;;;;;;;;;;;;;;0.82
23;97;1;27;23097001_27_M;2019;1;;;;;;;;;;;;;;;;;;;;;;;;;;;;;;;
23;97;1;27;23097001_27_M;2019;7;;;;;0.027;;;;;;0.027;;;;;;0.027;;;;;;0.026;;;;;;0.027;;
20;69;5;27;20069005_27_M;2019;1;0.2;;;;0.7;;;;0.2;;;;0.1;;;;0.1;;;;0.05;;;;0.05;;;;0.05;;0.1
20;69;5;27;20069005_27_M;2019;2;;0.05;;0.3;;0.2;;;;0.05;;;;0.05;;;;0.05;;;;0.2;;;;0.1;;;;;
20;69;5;27;20069005_27_M;2019;5;;;;0.05;;;;0.05;;;;0.05;;;0.05;;;0.05;;;0.05;;;0.05;;0.05;;0.05;;;
20;69;5;27;20069005_27_M;2019;6;0.05;;0.05;;0.05;;0.05;;0.05;;0.05;;0.05;;0.05;;0.05;;;;0.05;;0.05;;0.05;;;;0.05;;
20;69;5;27;20069005_27_M;2019;7;;0.05;;;0.05;;;;0.05;;;;0.05;;;;0.05;;;;0.05;;;;0.05;;0.05;;0.05;;
20;69;5;27;20069005_27_M;2019;10;;0.05;;;0.05;;;;0.05;;;;0.05;;0.05;;0.05;;;;0.05;;;;0.05;;;;0.05;;
20;69;5;27;20069005_27_M;2019;8;0.05;;;;0.05;;0.05;;0.05;;0.05;;0.05;;;;0.05;;;;0.05;;;;0.05;;;;0.05;;
20;69;5;27;20069005_27_M;2019;9;0.05;;;;;0.05;;0.05;;0.05;;;;0.05;;;;0.05;;;;0.05;;;;0.05;;0.05;;0.05;
20;69;5;27;20069005_27_M;2019;11;;0.05;;;0.05;;;;0.05;;;;0.1;;0.1;;0.05;;;;0.05;;;;0.1;;;;0.1;;
20;69;5;27;20069005_27_M;2019;12;;;;;0.1;;;;0.2;;;;0.1;;0.1;;0.1;;;;0.2;;;;0.2;;;;0.2;;
23;97;1;27;23097001_27_M;2019;2;;;2.9;;5.8;;7.8;;3.0;;2.7;;;;;2.3;;2.1;;3.0;;3.2;;;;;;;;;
23;97;1;27;23097001_27_M;2019;3;;;;0.16;;;;;;2.0;;;;;;0.66;;;;;;0.12;;;;;;0.19;;;
23;97;1;27;23097001_27_M;2019;4;;;;;;0.18;;;;;;0.5;;;;;;0.028;;;;;;0.12;;;;;;0.18;
23;97;1;27;23097001_27_M;2019;5;;;0.027;;;0.027;;;0.027;;;0.027;;;0.027;;;0.027;;;0.027;;;0.027;;;0.027;;;0.027;
23;97;1;27;23097001_27_M;2019;6;;;;;0.027;;;;;;0.027;;;;;;0.027;;;;;;0.027;;;;;;0.027;;
23;97;1;27;23097001_27_M;2019;8;;;;0.027;;;;;;0.027;;;;;;0.027;;;;;;0.027;;;;;;0.027;;;
23;97;1;27;23097001_27_M;2019;9;;;;;;0.027;;;;;;0.027;;;;;;;;;;;;;;0.027;;;0.027;0.054;
23;97;1;27;23097001_27_M;2019;10;;;;;;0.041;;;;;;;;;;;;0.028;;;;;;0.35;;;;;;0.46;
23;97;1;27;23097001_27_M;2019;11;;;;;0.19;;;;;;0.78;;;;;;1.2;;;;;;0.3;;;;;;3.1;;
23;97;1;27;23097001_27_M;2019;12;;;;;1.8;;;;;;2.7;;;;;;0.48;;;;;;4.4;;;;;;5.2;;
25;51;1;27;25051001_27_M;2019;1;;;1.68;;0.7;;;;0.41;;0.41;;0.97;;1.84;;;;1.39;;0.97;;;;0.54;;;;0.83;;0.55
25;51;1;27;25051001_27_M;2019;2;;;;;;1.52;;;1.1;;0.37;;0.54;;;;0.97;;;;0.44;;0.69;;0.43;;;;;;
25;51;1;27;25051001_27_M;2019;3;0.47;;0.16;;0.14;;;;0.14;;;;;;0.14;;0.16;;0.14;;0.14;;;;;;0.14;;;;0.14
25;51;1;27;25051001_27_M;2019;4;;;;0.14;;0.14;;;0.14;;;;0.14;;0.14;;;;0.14;;0.14;;0.14;;0.14;;;;;;
25;51;1;27;25051001_27_M;2019;5;0.14;;0.14;;;;;;;;0.14;;0.14;;0.14;;;;0.14;;0.14;;;;0.14;;0.14;;;;0.14
25;51;1;27;25051001_27_M;2019;6;;0.14;;;;0.14;;0.14;;;;0.14;;0.14;;0.14;;0.13;;;;0.14;;0.13;;;;0.13;;;
25;51;1;27;25051001_27_M;2019;7;;;;0.14;;;;;0.14;;0.13;;;;0.14;;0.14;;0.13;;0.13;;0.13;;;;0.14;;0.13;;
25;51;1;27;25051001_27_M;2019;8;;0.13;;;;0.13;;0.13;;;;;0.14;;0.13;;;;;;0.14;;0.14;;;;0.13;;;;0.14
25;51;1;27;25051001_27_M;2019;9;;0.14;;0.14;;;;;;;;;0.14;;0.14;;;;0.14;;0.14;;;;0.14;;0.14;;0.14;;
25;51;1;27;25051001_27_M;2019;10;0.14;;;;0.14;;;;;;0.14;;0.14;;;;0.14;;0.2;;;;0.14;;0.14;;;;0.47;;
25;51;1;27;25051001_27_M;2019;11;;0.45;;0.25;;1.1;;;;0.14;;;;0.52;;0.83;;;;0.69;;1.51;;;;0.97;;;;1.1;
25;51;1;27;25051001_27_M;2019;12;;0.83;;;;1.39;;;;;;0.97;;0.65;;;;1.65;;0.25;;;;0.97;;;;2.64;;3.08;
25;120;1;27;25120001_27_M;2019;1;;;0.18;;;;;;;;0.69;;;;0.97;;;;;;0.39;;;;;;;;;;
25;120;1;27;25120001_27_M;2019;2;;0.14;;;;0.35;;;;;;0.84;;;;;;;;;;0.5;;;;;;0.15;;;
25;120;1;27;25120001_27_M;2019;3;;;;0.18;;;;;;;;;;;;0.24;;;;;;0.14;;;;;;0.17;;;
25;120;1;27;25120001_27_M;2019;4;;;;;0.14;;;;;;;;0.14;;0.14;;;;;;;;0.14;;;;;;;;
25;120;1;27;25120001_27_M;2019;5;0.14;;;;;;;;;0.14;;;;;;0.14;;;;0.14;;;;;;;;0.14;;;
25;120;1;27;25120001_27_M;2019;6;;;;;0.14;;;;;;;;0.14;;;;;;;;0.14;;;;0.14;;;;;;
25;120;1;27;25120001_27_M;2019;7;;;;;;0.14;;;;;;;;0.14;;;;0.14;;;;0.14;;;;;;;;;
25;120;1;27;25120001_27_M;2019;8;;;0.14;;;;0.14;;;;;;;;0.14;;;;0.14;;;;;;;;0.14;;;;
25;120;1;27;25120001_27_M;2019;9;;;;;;;;;;;;0.14;;;;;;0.14;;;;;;0.14;;;;;;0.14;
25;120;1;27;25120001_27_M;2019;10;;;;;;;;;0.14;;;;0.14;;;;0.22;;0.14;;;;;;0.19;;;;;;
25;120;1;27;25120001_27_M;2019;11;;;;0.14;;;;;;;;;1.25;;;;;;;;0.97;;;;;;;;0.84;;
25;120;1;27;25120001_27_M;2019;12;;;0.14;;;;;;0.41;;;;;;;;;;0.15;;;;;;0.15;;;;;;
25;172;1;27;25172001_27_M;2019;1;;;;;;;0.14;;;;;;;;;;;;;;;;;;0.6;;;;;;
25;172;1;27;25172001_27_M;2019;2;;;;;;;;;;;;;0.14;;;;;;0.14;;;;;;;;;;;;
25;172;1;27;25172001_27_M;2019;3;;;;;;;0.14;;;;;;;;;;;;;;;;0.14;;;;;;;;
25;172;1;27;25172001_27_M;2019;4;;0.14;;;;;;;;;;;;;;;;0.14;;;;;;;;;;;;;
25;172;1;27;25172001_27_M;2019;5;;;0.14;;;;;;;;;;0.14;;;;;;;;;;;;;;;;;;
25;172;1;27;25172001_27_M;2019;6;0.15;;;;;;;;;;0.14;;;;;;;;;;;;;;;;0.14;;;;
25;172;1;27;25172001_27_M;2019;7;;;;;;;;;;0.14;;;;;;;;;;;;;;;;;;0.14;;;
25;172;1;27;25172001_27_M;2019;8;;;;;;;;0.14;;;;;;;;;;;;0.14;;;;;;;;;;;
25;172;1;27;25172001_27_M;2019;9;;;;;;;;;0.14;;;;;;;;;;0.14;;;;;;;;;;;;
25;172;1;27;25172001_27_M;2019;10;;;;;0.14;;;;;;;;;;0.14;;;;;;;;;;;;;;;;0.26
25;172;1;27;25172001_27_M;2019;11;;;;;;;;;;;;0.14;;;;;;;;;;;;;;;;1.53;;;
25;172;1;27;25172001_27_M;2019;12;;;;;;;;;;0.19;;;;;;;;;;;;;;;;0.14;;;;;
25;209;1;27;25209001_27_M;2019;1;0.13;;;;;;0.18;;;;;;;;;;4.29;;;;;;0.13;;;;;;;;
25;209;1;27;25209001_27_M;2019;2;;0.13;;;;;;;;;;0.37;;;;;;;;;;;;;;;;0.14;;;
25;209;1;27;25209001_27_M;2019;3;;;;;;;;;;;;;;;;0.14;;;;;;;;;;0.14;;;;;
25;209;1;27;25209001_27_M;2019;7;;;0.14;;;;;;;;;;;;;;;;;;0.14;;;;;;;;;;
25;209;1;27;25209001_27_M;2019;4;;;;;;;;;;;0.16;;;;;;;;;;;;0.16;;;;;;;;
25;209;1;27;25209001_27_M;2019;5;;;;;;;;;;;0.14;;;;;;;;;;;;0.14;;;;;;;;
25;209;1;27;25209001_27_M;2019;6;;;0.14;;;;;;;;;;;;;;;;;;0.14;;;;;;;;;;
25;209;1;27;25209001_27_M;2019;8;0.14;;;;;;;;;;;;;;;;0.14;;;;;;;;;;0.14;;;;
25;209;1;27;25209001_27_M;2019;9;;;;;;;;;0.14;;;;;;;;;;;;;;;;0.14;;;;;;
25;209;1;27;25209001_27_M;2019;10;;;;;;;;;;;0.14;;;;;;;;;;;;;;;;;;0.17;;
25;209;1;27;25209001_27_M;2019;11;;;;;;;;;;;;;;;;;;;;;0.14;;;;;;;;;;
25;209;1;27;25209001_27_M;2019;12;;;;;;;0.35;;;;;;;;;;;;0.15;;;;;;;;;;;;0.24
27;38;4;27;27038004_27_M;2019;1;;;;;;;;;;0.51;1.1;0.68;0.73;0.7;0.32;0.28;0.19;0.17;0.05;0.05;0.24;0.05;0.05;;;0.05;0.05;0.05;0.11;0.05;0.05
27;38;4;27;27038004_27_M;2019;2;0.05;0.11;0.12;0.24;0.19;0.21;0.05;0.05;;;;;0.14;0.12;0.29;0.14;0.11;0.27;0.25;0.05;0.12;0.05;0.24;0.15;0.16;0.05;;;;;
27;38;4;27;27038004_27_M;2019;4;0.05;0.05;0.05;0.05;0.05;0.05;0.05;0.05;;0.05;0.13;0.05;0.05;0.05;0.05;0.05;0.05;0.05;0.05;0.05;0.05;0.05;0.05;;;0.05;0.05;0.05;0.05;0.05;
27;38;4;27;27038004_27_M;2019;5;0.05;0.05;0.05;0.05;0.05;0.05;0.05;0.05;0.05;;0.05;0.16;0.05;0.05;0.05;0.05;0.05;0.05;0.05;0.05;0.05;0.05;0.05;0.05;;;;0.05;0.05;0.05;0.05
27;38;4;27;27038004_27_M;2019;7;;;;;;0.05;0.05;0.05;0.05;0.05;0.05;0.05;0.05;0.05;0.05;0.05;0.05;0.05;0.05;;;;;0.05;0.05;0.05;0.05;0.05;0.05;0.05;0.05
27;38;4;27;27038004_27_M;2019;8;0.05;0.05;0.05;0.05;0.05;0.05;;0.05;0.05;0.05;0.05;;0.05;0.05;0.05;0.05;0.05;0.05;0.05;0.05;0.05;;;;;;;0.05;0.05;0.05;0.05
27;38;4;27;27038004_27_M;2019;9;0.05;0.33;0.05;0.05;0.05;0.05;0.05;0.05;0.05;0.05;;;;;;;;;;;;;;;;;;;;;
27;38;4;27;27038004_27_M;2019;10;;;;;;;;;;;;;;;;;;;;;;;;;;;;;;;
27;38;4;27;27038004_27_M;2019;11;;;;;;;;;;;;;;;;;;;;;;;;;;;;;;;
27;38;4;27;27038004_27_M;2019;12;;;;;;;;;;;;;;;;;;;;;;;;;;;;;;;
28;16;1;27;28016001_27_M;2019;2;;;;;;;;;0.04;;;;;;0.04;;;;;;0.04;;;;;;0.04;;;;
28;16;1;27;28016001_27_M;2019;3;;;0.04;;;;0.04;;;;0.04;;;;0.04;;;;0.04;;;;0.04;;;;0.04;;;;
28;16;1;27;28016001_27_M;2019;4;;;;;;;;;0.04;;;;0.04;;;;0.04;;;;0.04;;;;;;0.04;;;;
28;16;1;27;28016001_27_M;2019;5;;;;0.04;;;;;;0.04;;;;;;0.04;;;;;;0.04;;0.04;;0.04;;;;;
28;16;1;27;28016001_27_M;2019;6;;;;;;;0.06;;;;;;;0.06;;;;;;;0.05;;;;;;;0.05;;;
28;16;1;27;28016001_27_M;2019;7;;;;;0.05;;;;;;;0.05;;;;;;;0.05;;;;;;;0.027;;;;;
28;16;1;27;28016001_27_M;2019;8;;0.027;;;;;;;0.027;;;;;;;0.027;;;;;;;0.027;;;;;;;;0.027
28;16;1;27;28016001_27_M;2019;9;;;;;;0.028;;;;;;;0.028;;;;;;;0.028;;;;;;;0.028;;;;
28;16;1;27;28016001_27_M;2019;10;0.028;;;;;;;0.028;;;;;;;;0.028;;;;;;;0.028;;;;;;;0.028;
28;16;1;27;28016001_27_M;2019;11;;;;;;0.028;;0.028;;;;;;;0.028;;;;;;;0.028;;;;;;;0.028;;
28;16;1;27;28016001_27_M;2019;12;;;;;;0.028;;;;;;;0.028;;;;;;;0.028;;;;;;;;;;;
28;79;8;27;28079008_27_M;2019;1;0.58;;;;;;;;0.34;;;;;;;;0.49;;;;;;;;0.23;;;;0.13;;
28;79;8;27;28079008_27_M;2019;2;;;0.12;;;;0.56;;;;;;0.37;;;;;;0.2;;;;;;;;0.22;;;;
28;79;8;27;28079008_27_M;2019;3;;;;;;0.03;0.0;;;;;;;;0.22;;;;;0.08;;;;0.15;;;;;;;
28;79;8;27;28079008_27_M;2019;4;0.07;;;;;;;;0.06;;;;;0.08;;;;;;;;0.06;;;;;;;0.08;;
28;79;8;27;28079008_27_M;2019;5;;0.03;;;;;;;;0.03;;;;;0.03;;;;0.01;;;;0.03;;;;0.03;;;;
28;79;8;27;28079008_27_M;2019;6;;;;0.03;;;;;;;;0.03;;;;;;;;0.03;;;;;;;;0.03;;;
28;79;8;27;28079008_27_M;2019;7;;0.01;;;;;0.01;0.0;;;0.03;;;;0.03;;;;;;;;0.01;;;;;;;;0.03
28;79;8;27;28079008_27_M;2019;8;;;;;;;;0.03;;;;;;;;0.03;;;;;0.01;;;;0.03;;;;;;
28;79;8;27;28079008_27_M;2019;9;;0.03;;;;;;;;0.03;;;;;;;;0.06;;;;;;;;0.07;;;;;
28;79;8;27;28079008_27_M;2019;10;;;;0.07;;;;;0.07;;;;0.08;;;0.17;;;;;0.1;;;;;;;;0.07;;
28;79;8;27;28079008_27_M;2019;11;;;;;;0.03;;;;;;;0.12;0.0;;;;;;;;0.07;;;;;0.03;;;;
28;79;8;27;28079008_27_M;2019;12;0.03;;;;;;;;0.5;;;;;;;;0.11;;;;;;;;0.27;;;;;;
28;92;5;27;28092005_27_M;2019;1;;;;;0.4;0.97;;0.5;;;0.21;;;0.04;;;0.85;;;0.17;;;0.04;;;0.04;;;0.04;;
28;92;5;27;28092005_27_M;2019;2;;;;;;;;0.35;;;0.11;;;0.14;;;0.04;;;0.18;;;;;;;0.32;;;;
28;92;5;27;28092005_27_M;2019;3;;0.04;;;0.04;;;0.21;;;0.17;;;;0.04;;;0.04;;;0.04;;;0.04;;;0.04;;;;
28;92;5;27;28092005_27_M;2019;4;;;;;0.04;;;0.04;;;0.04;;;0.04;;;0.04;;;;;;;;;;;0.04;;0.04;
28;92;5;27;28092005_27_M;2019;5;;;0.04;;;0.04;;0.04;;0.04;;;;;;;;;;;;;0.06;0.06;;0.06;0.05;;0.06;0.06;
28;92;5;27;28092005_27_M;2019;6;0.05;0.05;;0.05;0.05;;;;0.06;;0.06;0.06;;0.05;0.05;;;0.05;;0.05;0.05;;0.05;0.05;;;;;0.05;0.05;
28;92;5;27;28092005_27_M;2019;7;;0.05;0.05;;0.05;0.05;;0.05;0.06;;0.05;0.05;;;;;;0.05;;0.05;;;;0.05;;0.05;;;;0.03;
28;92;5;27;28092005_27_M;2019;8;0.05;;;;0.05;;0.05;;;;0.05;;0.06;;;;0.027;;0.027;;0.027;;0.027;;0.027;;0.027;;0.027;;0.027
28;92;5;27;28092005_27_M;2019;9;;0.027;;0.027;;0.027;;0.027;;0.027;;0.027;;0.027;;0.027;;0.027;;;;;;0.027;;;;0.027;;;
28;92;5;27;28092005_27_M;2019;10;;;;0.027;;0.027;;;;;;0.027;;;;;;;0.025;;0.026;;;;0.089;;0.076;;;;0.025
28;92;5;27;28092005_27_M;2019;11;;0.025;;;;0.026;;0.026;;;;0.077;;0.026;;;;;;;;;;;;;;;0.026;;
28;92;5;27;28092005_27_M;2019;12;0.026;0.064;0.064;0.051;0.064;0.103;0.103;0.077;0.091;0.026;0.026;;;;;;;;;;;;;;;;;;;;
28;148;4;27;28148004_27_M;2019;1;;;;;0.04;;;0.48;;;0.75;;;1.0;;;0.41;;;0.04;;;0.04;;0.04;0.81;0.3;;;;
28;148;4;27;28148004_27_M;2019;2;;;;;;;;;;;;;;0.34;;;0.32;;0.45;;;0.37;;;0.36;;;0.43;;;
28;148;4;27;28148004_27_M;2019;3;;;0.29;;;0.04;;;0.2;;;;;0.04;;;0.04;;;0.04;;;0.04;;;0.04;;;;;
28;148;4;27;28148004_27_M;2019;4;;;;;;;;;;;;0.04;;0.04;;0.04;;0.04;;0.04;;0.04;;0.04;;;;;;;
28;148;4;27;28148004_27_M;2019;5;;0.04;;;;;;;;;0.04;;;;;;0.04;;;;0.04;;0.04;;;0.04;;0.04;;0.04;
28;148;4;27;28148004_27_M;2019;6;0.05;0.05;;0.05;0.05;;0.06;0.06;;0.05;0.06;;0.05;0.05;;0.05;0.05;;0.05;0.05;;0.05;0.05;;0.05;;0.05;0.05;;0.05;
28;148;4;27;28148004_27_M;2019;7;0.05;;0.05;0.05;;0.05;0.05;;0.05;0.05;;;;0.05;;0.05;;;;0.05;;0.05;;;;0.05;;0.05;;;
28;148;4;27;28148004_27_M;2019;8;0.027;;0.027;;;;0.027;;0.027;;;;0.028;;0.027;;;;0.027;;0.028;;;;0.027;;0.028;;;;0.027
28;148;4;27;28148004_27_M;2019;9;;0.027;;;;0.028;;0.028;;;;0.028;;0.028;;;;0.028;;0.028;;;;0.028;;0.028;;;;0.028;
28;148;4;27;28148004_27_M;2019;10;;0.028;;;;0.028;;0.027;;;;0.027;;0.028;;;;0.028;;;;0.028;;0.25;;;;;;;
28;148;4;27;28148004_27_M;2019;11;0.025;;0.025;;;;0.025;;0.026;;;;0.05;;0.025;;;;0.207;;0.076;;;;0.025;;0.025;;;;
28;148;4;27;28148004_27_M;2019;12;;;;0.025;0.026;0.102;0.115;0.129;0.077;0.155;0.18;0.026;;;;;;;;;;;;;;;;;;;
29;67;6;27;29067006_27_M;2019;1;;;;;;;;;;;;;;;;;;;;;;;;;;;;;;;
29;67;6;27;29067006_27_M;2019;2;;;;;;;;;;;;;;;;;;;;;;;;;;;;;;;
29;67;6;27;29067006_27_M;2019;3;;0.091;;0.091;;0.091;;0.091;;0.091;;0.091;;0.091;;0.091;;;;;;;;;;;0.091;;;;
29;67;6;27;29067006_27_M;2019;4;;0.091;;0.091;;0.091;;0.091;;0.091;;;0.091;;0.091;;0.091;;;;;;;;;0.091;;;;;
29;67;6;27;29067006_27_M;2019;5;;;;;;0.09;;;;;;0.09;;;;;;0.09;;;;;;0.091;;;;;;0.089;
29;67;6;27;29067006_27_M;2019;6;;;;;0.091;;;;;;0.091;;;;;;0.091;;;;;;0.091;;;;;;0.091;;
29;67;6;27;29067006_27_M;2019;7;;;;;0.091;;;;;;0.091;;;;;;0.091;;;;;;0.091;;;;;;0.091;;
29;67;6;27;29067006_27_M;2019;8;;;;0.091;;;;;;0.091;;;;;;0.091;;;;;;0.091;;;;;;0.091;;;
29;67;6;27;29067006_27_M;2019;9;;;;;;0.091;;;;;;0.091;;;;;;0.091;;;;;;0.091;;;;;;0.091;
29;67;6;27;29067006_27_M;2019;10;;;;;;0.091;;;;;;0.091;;;;;;0.091;;;;;;0.091;;;;;;0.091;
29;67;6;27;29067006_27_M;2019;11;;;;;0.091;;;;;;0.091;;;;;;;;;;;;;;;;;;;0.091;
29;67;6;27;29067006_27_M;2019;12;;;;0.091;;;;0.091;;;;0.091;;;;0.091;;;;0.09;;;;0.27;;;;;;;
30;16;20;27;30016020_27_M;2019;8;0.03;0.03;0.03;0.03;0.03;0.03;0.03;0.03;0.03;0.03;0.03;0.03;0.03;0.03;0.03;0.03;0.03;0.03;0.03;0.03;0.03;0.03;0.03;0.03;0.03;0.03;0.03;0.03;0.03;0.03;0.03
27;38;4;27;27038004_27_M;2019;3;;;;;;;;;0.05;0.05;0.05;0.05;0.24;0.16;0.38;0.05;0.05;0.05;0.05;0.14;0.35;0.24;;;;0.13;0.32;0.21;0.21;0.05;0.15
27;38;4;27;27038004_27_M;2019;6;0.05;0.05;0.05;0.05;0.05;0.05;0.05;0.05;0.05;0.05;;;;;0.05;0.05;0.05;0.05;0.05;0.05;0.05;0.05;0.05;0.05;0.05;0.05;0.05;0.05;;;
30;16;20;27;30016020_27_M;2019;1;;0.03;0.03;0.03;0.03;0.03;0.03;0.03;0.03;0.03;0.03;0.03;0.03;0.03;0.03;0.03;0.03;0.03;0.03;0.03;0.03;0.03;0.03;0.03;0.03;0.03;0.03;0.03;0.03;0.03;0.03
30;16;20;27;30016020_27_M;2019;2;0.03;0.03;0.03;0.03;0.03;0.03;0.03;0.03;0.03;0.03;0.03;0.03;0.03;0.03;0.07;0.07;0.07;0.07;0.07;0.07;0.07;0.07;0.07;0.07;0.07;0.07;0.07;0.03;;;
30;16;20;27;30016020_27_M;2019;3;0.03;0.03;0.03;0.03;0.03;0.03;0.03;0.03;0.03;0.03;0.03;0.03;0.03;0.06;0.06;0.06;0.06;0.06;0.06;0.06;0.03;0.03;0.03;0.03;0.03;0.03;0.03;0.03;0.03;0.03;0.03
30;16;20;27;30016020_27_M;2019;4;0.03;0.03;0.03;0.03;0.03;0.03;0.03;0.03;0.03;0.03;0.03;0.03;0.03;0.03;0.03;0.03;0.03;0.03;0.03;0.03;0.03;0.03;0.03;0.03;0.03;0.03;0.03;0.03;0.03;0.03;
30;16;20;27;30016020_27_M;2019;5;0.03;0.03;0.03;0.03;0.03;0.03;0.03;0.03;0.03;0.03;0.03;0.03;0.03;0.03;0.03;0.03;0.03;0.03;0.03;0.03;0.03;0.03;0.03;0.03;0.03;0.03;0.03;0.03;0.03;0.03;0.03
30;16;20;27;30016020_27_M;2019;6;0.03;0.03;0.03;0.03;0.03;0.03;0.03;0.03;0.03;0.03;0.03;0.03;0.07;0.07;0.07;0.07;0.07;0.07;0.07;0.03;0.03;0.03;0.03;0.03;0.03;0.03;0.03;0.03;0.03;0.03;
30;16;20;27;30016020_27_M;2019;7;0.03;0.03;0.03;0.03;0.03;0.03;0.03;0.03;0.03;0.03;0.03;0.03;0.03;0.03;0.03;0.03;0.03;0.06;0.06;0.06;0.06;0.06;0.06;0.06;0.06;0.06;0.06;0.06;0.06;0.06;0.06
30;16;20;27;30016020_27_M;2019;9;0.03;0.03;0.03;0.03;0.03;0.03;0.03;0.03;0.03;0.03;0.03;0.03;0.03;0.03;0.03;0.03;0.03;0.03;0.03;0.03;0.03;0.03;0.03;0.03;0.03;0.03;0.03;0.03;0.03;0.03;
30;16;20;27;30016020_27_M;2019;10;0.03;0.03;0.03;0.03;0.03;0.03;0.03;0.03;0.03;0.03;0.03;0.03;0.03;0.03;0.03;0.03;0.03;0.03;0.03;0.03;0.03;0.03;0.03;0.03;0.03;0.03;0.03;0.03;0.03;0.03;0.03
30;16;20;27;30016020_27_M;2019;11;0.03;0.03;0.03;0.03;0.03;0.03;0.03;0.03;0.03;0.03;0.03;0.03;0.03;0.03;0.03;0.03;0.03;0.03;0.03;0.03;0.03;0.03;0.03;0.03;0.03;0.03;0.03;0.03;0.03;0.03;
30;16;20;27;30016020_27_M;2019;12;0.03;0.03;0.03;0.03;0.03;0.03;0.03;0.03;0.03;0.03;0.03;0.03;0.03;0.03;0.03;0.03;0.03;0.03;0.03;0.03;0.03;0.03;0.03;0.03;0.03;0.03;0.03;0.03;0.03;0.03;0.03
32;54;4;27;32054004_27_M;2019;1;;;;;;;;;;1.3;1.5;1.6;1.2;1.7;1.9;2.1;1.5;1.6;1.3;0.97;1.2;1.5;0.27;;;;;;0.49;1.8;0.17
32;54;4;27;32054004_27_M;2019;2;0.25;;;;;0.76;0.63;;0.4;0.22;;;0.84;0.89;0.86;0.89;0.44;0.4;;0.78;0.95;0.76;0.65;0.46;0.59;0.51;0.4;0.35;;;
32;54;4;27;32054004_27_M;2019;3;0.38;0.22;0.11;0.13;0.16;;;;;;0.16;0.21;0.27;0.27;0.35;0.32;0.19;0.11;0.05;0.21;0.19;0.3;0.25;0.21;;0.13;0.17;0.13;0.29;0.27;0.17
32;54;4;27;32054004_27_M;2019;5;0.05;0.05;0.05;0.05;0.05;0.05;0.05;0.05;0.25;;0.05;0.05;0.05;0.05;0.05;0.05;0.05;0.1;0.05;0.17;0.1;0.05;0.05;0.13;;;;;0.05;0.05;0.05
32;54;4;27;32054004_27_M;2019;6;0.05;0.05;0.05;0.05;0.05;0.11;0.05;0.11;0.05;0.05;0.05;;;;;;;;;;;;;;;;;;;;
32;54;4;27;32054004_27_M;2019;7;;;;;;;;;;;;;;;;;;;;;;;;;;;;;;;
32;54;4;27;32054004_27_M;2019;8;;;;;;;;;;;;;;;;;;;;;;;;;;;;;;;
32;54;4;27;32054004_27_M;2019;9;;;;;;;;;;;;;;;;;;;;;;;;;;;;;;;
32;54;4;27;32054004_27_M;2019;10;;;;;;;;;;;;;;;;;;;;;;;;;;;;;;;
32;54;4;27;32054004_27_M;2019;11;;;;;;;;;;;;;;;;;;;;;;;;;;;;;;;
32;54;4;27;32054004_27_M;2019;12;;;;;;;;;;;;;;;;;;;;;;;;;;;;;;;
33;4;20;27;33004020_27_M;2019;1;;;;0.6;;;;;0.5;;;;;;0.3;;;;;;;;;3.1;;;;0.3;;;
33;4;20;27;33004020_27_M;2019;2;;;;;;;;;0.3;;;;2.0;;;;8.1;;;;;0.5;;;0.8;;;;;;
33;4;20;27;33004020_27_M;2019;3;;2.4;;;;;0.3;;;;;;;;;;;;0.9;;;;;0.3;;;0.3;;;;
33;4;20;27;33004020_27_M;2019;4;;0.7;;;;;1.8;;;;;0.3;;;;;;;;1.0;;;;;0.3;;;;0.3;;
33;4;20;27;33004020_27_M;2019;5;;;;;;1.7;;;;1.0;1.2;0.3;0.3;0.3;;0.3;0.3;;;;;0.3;1.2;3.3;6.7;3.3;;1.8;0.3;0.3;0.3
33;4;20;27;33004020_27_M;2019;6;;4.4;;0.5;;;;0.3;;;4.3;;;;2.6;0.3;;;;;;;;;;;;;;;
33;4;20;27;33004020_27_M;2019;7;;;0.3;;0.3;3.6;3.6;3.6;3.6;;3.6;3.6;3.6;;;;;1.6;;;0.3;;2.2;2.2;2.2;;2.2;2.2;2.2;2.2;
33;4;20;27;33004020_27_M;2019;8;;;1.2;;;;0.3;;;3.6;3.6;3.6;;3.6;3.6;3.6;3.6;;;;;0.3;;3.7;;;1.0;1.0;1.0;;1.0
33;4;20;27;33004020_27_M;2019;10;0.3;;0.3;0.3;0.3;;;;0.3;;0.3;;;;0.1;0.1;0.1;;0.1;0.1;0.1;0.1;;;0.3;;;0.4;;;0.1
33;4;20;27;33004020_27_M;2019;11;0.1;0.1;0.1;;0.1;0.1;0.1;;;;0.3;0.3;;0.5;0.5;0.5;0.5;;0.5;0.5;0.5;;;;0.4;;;0.2;0.2;0.2;
33;4;20;27;33004020_27_M;2019;12;0.2;;0.3;;;0.3;0.3;0.3;0.3;;0.3;0.3;0.3;;;;0.6;;;0.1;0.1;0.1;;1.1;1.1;1.1;;;;;
33;24;25;27;33024025_27_M;2019;1;;;;;;1.2;;;;;;;;2.4;;0.3;;;;;;;;0.3;;;;;;0.3;
33;24;25;27;33024025_27_M;2019;2;;;;;1.1;;;;0.5;;;;;;;;;;;0.8;;;;;;;0.9;;;;
33;24;25;27;33024025_27_M;2019;3;;;;;0.3;;;;;;;;0.3;;;;;;;;0.3;;;;0.3;;;;0.3;;
33;24;25;27;33024025_27_M;2019;4;;;;;0.3;;;;;;;;0.3;;;;;;;;;0.3;;;;;;0.3;;;
33;24;25;27;33024025_27_M;2019;5;;;;;;;0.3;;;;0.3;;;;;;;;;;0.3;;;;;;;0.3;;;
33;24;25;27;33024025_27_M;2019;6;;;;;0.3;;;;;;;;0.3;;;;;;;;0.3;;;;;0.3;;;;;
33;24;25;27;33024025_27_M;2019;7;;;;;;0.3;;;;;;;;;;0.3;;;;;0.3;;;;;;;;;;0.3
33;24;25;27;33024025_27_M;2019;8;;;;;;0.3;;;;;;;0.3;;;;;;;0.3;;;;;;;;0.3;;;
33;24;25;27;33024025_27_M;2019;9;;;;;;;0.3;;;;;;0.3;;;;;;;0.3;;;;;;;;;0.3;;
33;24;25;27;33024025_27_M;2019;10;;;;0.3;;;;;;;;;0.3;;;;0.3;;;;0.3;;;;;0.4;;;;;
33;24;25;27;33024025_27_M;2019;11;0.3;;;;;;;;;;;;;;;;;;;;1.0;;;;;0.3;;0.3;;;
33;24;25;27;33024025_27_M;2019;12;;;;;;;;;;;0.3;;;;;;1.1;;0.3;;;;;;1.5;;;;;;1.5
36;38;8;27;36038008_27_M;2019;8;;;;;;;;;;0.18;0.18;0.18;;0.18;0.18;0.18;0.18;;0.18;0.18;0.18;0.18;0.18;0.18;0.18;;0.18;0.18;0.18;0.18;
32;54;4;27;32054004_27_M;2019;4;0.22;0.25;0.12;0.29;0.19;0.14;0.24;0.57;;;0.22;0.29;0.19;0.15;0.13;0.17;0.17;0.05;;0.05;0.05;0.05;0.24;0.13;;0.14;0.12;0.05;0.05;0.05;
33;4;20;27;33004020_27_M;2019;9;1.0;1.0;1.0;;;0.3;;;1.5;22.2;;0.4;0.4;0.4;0.4;;0.4;0.4;0.4;;;;;0.4;;;;0.3;0.3;0.3;
36;38;8;27;36038008_27_M;2019;1;;;;;;;;;;;;;;;;;;;;;;;;;;;;;0.18;0.18;0.18
36;38;8;27;36038008_27_M;2019;2;0.18;0.36;0.36;;0.54;0.18;0.18;0.18;0.18;0.18;0.36;0.57;0.55;0.73;0.55;0.54;0.18;0.18;0.73;0.36;0.36;0.18;0.18;0.18;0.18;0.18;0.18;;;;
36;38;8;27;36038008_27_M;2019;3;0.18;;;;;;;;;;;;;;;;;;;;;;;;;;;;;;
36;38;8;27;36038008_27_M;2019;5;;;;;;;;;;;;;;;;;;;;;;;;;;;;;;;
36;38;8;27;36038008_27_M;2019;6;;;;;;;;;;;;;;;;;;;;;;;;;;;;;;;
36;38;8;27;36038008_27_M;2019;9;;;;;;;;;0.18;0.18;0.18;0.18;0.18;0.18;0.18;0.18;;;;;;;;;;0.18;;0.18;0.18;0.18;
38;38;10;27;38038010_27_M;2019;1;;;;;;;;;0.08;0.08;0.08;0.08;0.08;0.08;0.08;;;;;;;;;;;;;;;;
38;38;10;27;38038010_27_M;2019;2;;;;;;;;;;;;;;;;;;;;;;;;;;;;;;;
38;38;10;27;38038010_27_M;2019;3;;;;;;;;;;;;;;;;;;;;;;;;;;;;;;;
38;38;10;27;38038010_27_M;2019;4;;;;;;;;;;;;;;;;;;;;;;;;;;;;;;;
38;38;10;27;38038010_27_M;2019;5;;;;;;;;;;;;;;;;;;;;;;;;;;;;;;;
38;38;10;27;38038010_27_M;2019;6;;;;0.08;0.08;0.08;0.08;0.08;0.08;0.08;;;;;;;;;;;;;;;;;;;;;
38;38;10;27;38038010_27_M;2019;7;;;;;;;;;;;;;;;;;;;;;;;;;;;;;;;
38;38;10;27;38038010_27_M;2019;8;;;;;;;;;;;;;;;;;;;;;;;;;;;;;;;
38;38;10;27;38038010_27_M;2019;9;;;;;;;;;;;;;;;;;;;;;;;;;;;;;;;
38;38;10;27;38038010_27_M;2019;10;;;;;;;;;;;;;;;;;;;;;;;;;;;;;;;
38;38;10;27;38038010_27_M;2019;11;;;;;;;;;;;;;;;;;;;;;;;;;;;;;;;
38;38;10;27;38038010_27_M;2019;12;;;;;;;;;;;;;;;;;;;;;;;;;;;;;;;
38;38;24;27;38038024_27_M;2019;1;;;;;;;;;;;;;;;;;;;;;;;;0.08;0.08;0.08;0.08;0.08;0.08;0.08;
38;38;24;27;38038024_27_M;2019;2;;;;;;;;;;;;;;;;;;;;;;;;;;;;;;;
38;38;24;27;38038024_27_M;2019;3;;;;;;;;;;;;;;;;;;;;;;;;;;;;;;;
38;38;24;27;38038024_27_M;2019;4;;;;;;;;;;;;;;;;;;;;;;;;;;;;;;;
38;38;24;27;38038024_27_M;2019;5;;;;;;;;;;;;;;;;;;;;;;;;;;;;0.08;0.08;0.08;
38;38;24;27;38038024_27_M;2019;6;0.08;0.08;0.08;;;;;;;;;;;;;;;;;;;;;;;;;;;;
38;38;24;27;38038024_27_M;2019;7;;;;;;;;;;;;;;;;;;;;;;;;;;;;;;;
38;38;24;27;38038024_27_M;2019;8;;;;;;;;;;;;;;;;;;;;;;;;;;;;;;;
38;38;24;27;38038024_27_M;2019;9;;;;;;;;;;;;;;;;;;;;;;;;;;;;;;;
38;38;24;27;38038024_27_M;2019;10;;;;;;;;;;;;;;;;;;;;;;;;;;;;;;;
38;38;24;27;38038024_27_M;2019;11;;;;;;;;;;;;;;;;;;;;;;;;;;;;;;;
38;38;24;27;38038024_27_M;2019;12;;;;;;;;;;;;;;;;;;;;;;;;;;;;;;;
38;38;26;27;38038026_27_M;2019;1;;;;;;;;;;;;;;;;0.08;0.08;0.08;0.08;;0.08;0.08;0.08;;;;;;;;
38;38;26;27;38038026_27_M;2019;2;;;;;;;;;;;;;;;;;;;;;;;;;;;;;;;
38;38;26;27;38038026_27_M;2019;3;;;;;;;;;;;;;;;;;;;;;;;;;;;;;;;
38;38;26;27;38038026_27_M;2019;4;;;;;;;;;;;;;;;;;;;;;;;;;;;;;;;
38;38;26;27;38038026_27_M;2019;5;;;;;;;;;;;;;;;;;;;;;;;;;;;;;;;
38;38;26;27;38038026_27_M;2019;6;;;;;;;;;;;0.08;0.08;0.08;0.08;0.08;0.08;0.08;;;;;;;;;;;;;;
38;38;26;27;38038026_27_M;2019;7;;;;;;;;;;;;;;;;;;;;;;;;;;;;;;;
38;38;26;27;38038026_27_M;2019;8;;;;;;;;;;;;;;;;;;;;;;;;;;;;;;;
38;38;26;27;38038026_27_M;2019;9;;;;;;;;;;;;;;;;;;;;;;;;;;;;;;;
38;38;26;27;38038026_27_M;2019;10;;;;;;;;;;;;;;;;;;;;;;;;;;;;;;;
38;38;26;27;38038026_27_M;2019;11;;;;;;;;;;;;;;;;;;;;;;;;;;;;;;;
38;38;26;27;38038026_27_M;2019;12;;;;;;;;;;;;;;;;;;;;;;;;;;;;;;;
39;16;3;27;39016003_27_M;2019;4;;;;;;;;;;;;;;;;;;1.16;0.07;0.09;0.04;0.09;0.04;0.05;0.07;0.02;0.05;0.07;0.13;0.31;
39;16;3;27;39016003_27_M;2019;5;0.05;;;;;;;;;;;;;;;;;;;;0.09;0.11;0.07;0.02;0.02;0.02;0.04;0.02;0.07;0.11;0.14
39;16;3;27;39016003_27_M;2019;6;;0.13;0.04;;;;;;;;;;;;;;;;;;;;;;;;;;;;
39;16;3;27;39016003_27_M;2019;10;;;;;;;;;;;;;;;;;0.09;0.13;0.04;0.04;0.09;0.18;0.04;0.18;0.76;0.33;0.18;0.74;0.33;0.22;
39;16;3;27;39016003_27_M;2019;11;0.13;0.16;0.02;0.05;0.04;0.16;0.04;0.04;0.05;0.05;0.13;0.18;0.09;0.13;;;;;;;;;;;;;;;;;
39;87;4;27;39087004_27_M;2019;4;0.05;0.04;0.02;0.05;0.02;0.04;0.02;0.04;0.05;0.05;0.05;0.07;0.11;0.14;;0.04;0.02;0.07;0.05;0.05;0.05;0.04;0.04;0.02;0.02;0.02;0.02;0.02;0.05;;
39;87;4;27;39087004_27_M;2019;10;;;;;;;;;;0.04;0.04;0.02;0.02;0.02;0.04;0.02;0.02;0.04;0.05;0.04;0.09;0.09;0.02;;;0.14;0.11;0.09;0.07;0.04;0.04
39;87;4;27;39087004_27_M;2019;11;0.09;0.05;0.04;0.07;0.02;0.11;0.04;0.02;;;;;;;;;;;;;;;;;;;;;;;
41;88;1;27;41088001_27_M;2019;1;;;;;;;;;;;;;;;;;;;;;;;;;;;;;;;
41;88;1;27;41088001_27_M;2019;2;;;;;;;;;;;;;;;;;;;;;;;;;;;;;;;
41;88;1;27;41088001_27_M;2019;3;0.091;;0.091;;0.091;;0.091;;0.091;;0.091;;0.091;;;;0.091;;;;;;;;;;;;;;
41;88;1;27;41088001_27_M;2019;4;;;;0.091;;0.091;;0.091;;0.091;;0.091;;;0.091;;0.091;;0.091;;0.091;;0.091;;;;;;;;
41;88;1;27;41088001_27_M;2019;5;;;;;;0.091;;;;;;0.09;;;;;;0.091;;;;;;0.091;;;;;;0.09;
41;88;1;27;41088001_27_M;2019;6;;;;;0.091;;;;;;0.091;;;0.091;;;0.091;;;;;;;;;;;;;;
41;88;1;27;41088001_27_M;2019;7;;;;;0.091;;;;;;0.091;;;;;;0.091;;;;;;0.091;;;;;;0.091;;
41;88;1;27;41088001_27_M;2019;8;;;;0.091;;;;;;0.091;;;;;;0.091;;;;;;0.091;;;;;;0.091;;;
41;88;1;27;41088001_27_M;2019;9;;;;;;0.091;;;;;;0.091;;;;;;0.091;;;;;;0.091;;;;;;0.091;
41;88;1;27;41088001_27_M;2019;10;;;;;;0.091;;;;;;0.091;;;;;;0.091;;;;;;0.091;;;;;;0.091;
41;88;1;27;41088001_27_M;2019;11;;;;;0.091;;;;;;0.091;;;;;;0.27;;;;;;0.091;;;;;;0.091;;
41;88;1;27;41088001_27_M;2019;12;;;;;;;;0.091;;;;;;0.091;;;;;;0.091;;;;;;0.091;;;;;
41;91;16;27;41091016_27_M;2019;1;;;;;;;;;;;;;;;;;;;;;;;;;;;;;;;
41;91;16;27;41091016_27_M;2019;2;;;;;;;;;;;;;;;;;;;;;;;;;;;;;;;
41;91;16;27;41091016_27_M;2019;3;;;0.091;;0.091;;0.091;;0.091;;0.091;;0.091;;0.091;;0.091;;0.091;;;;;;;;;;;;
41;91;16;27;41091016_27_M;2019;4;;;0.091;;0.091;;;;;;0.091;;0.091;;0.091;;;0.091;;0.091;;0.091;;0.091;;0.091;;;;;
41;91;16;27;41091016_27_M;2019;5;;;;;;0.091;;;;;;0.091;;;;;;0.091;;;;;;0.091;;;;;;0.091;
41;91;16;27;41091016_27_M;2019;6;;;;;;;;0.091;;0.091;;0.091;;;;;;;;;;;0.091;;;;;;0.091;;
41;91;16;27;41091016_27_M;2019;7;;;;;0.091;;;;;;0.091;;;;;;0.091;;;;;;0.091;;;;;;0.091;;
41;91;16;27;41091016_27_M;2019;8;;;;;0.091;;;;;0.091;;;;;;0.091;;;;;;0.091;;;;;;0.091;;;
41;91;16;27;41091016_27_M;2019;9;;;;;;0.091;;;;;;0.091;;;;;;0.091;;;;;;0.091;;;;;;0.091;
41;91;16;27;41091016_27_M;2019;10;;;;;;0.091;;;;;;0.091;;;;;;0.091;;;;;;0.091;;;;;;0.091;
41;91;16;27;41091016_27_M;2019;11;;;;;0.091;;;;;;0.091;;;;;;0.091;;;;;;0.091;;;;;;0.091;;
41;91;16;27;41091016_27_M;2019;12;;;;;;;0.091;;;;0.091;;;;;;0.091;;;;;;0.091;;;;;;0.091;;
43;44;3;27;43044003_27_M;2019;1;;;;;;0.14;;0.14;;;;;;;;;;0.14;;;;;;;;0.14;;;;0.22;
43;44;3;27;43044003_27_M;2019;2;;;0.14;;;;0.14;;;;;;;;0.14;;;;;;;;0.14;;0.14;;;;;;
43;44;3;27;43044003_27_M;2019;3;;;;;;;0.13;;;;;0.14;;;;;;;;;;;0.14;;0.14;;;;;;
43;44;3;27;43044003_27_M;2019;4;;0.14;;;;;;;;;;0.14;;;;;;0.14;;;;0.14;;;;;;;;0.14;
43;44;3;27;43044003_27_M;2019;5;;;;;;;;0.14;;;;;;;;0.14;;;;0.14;;;;;;;;0.14;;;
43;44;3;27;43044003_27_M;2019;6;0.14;;;;;;0.14;;;;;;;;0.14;;0.14;;;;;;;;0.14;;;;;;
43;44;3;27;43044003_27_M;2019;7;;;0.14;;;;;;;;;;0.14;;0.14;;;;;;;;;;0.14;;;;;;
43;44;3;27;43044003_27_M;2019;8;;0.14;;;;0.14;;;;;;;;;;;;;;;;0.14;;;;;;;;0.14;
43;44;3;27;43044003_27_M;2019;9;;;;;;;;;0.14;;;;;;;;;;;;0.14;;;;0.14;;;;;;
43;44;3;27;43044003_27_M;2019;10;0.14;;;;;;0.14;;;;;;;;;;0.14;;;;;;;;0.14;;;;0.14;;
43;44;3;27;43044003_27_M;2019;11;;;;;;0.13;;;;;;;;0.13;;;;0.14;;;;;;;;0.14;;;;;
43;44;3;27;43044003_27_M;2019;12;;;;;;0.13;;;;;;0.14;;;;0.14;;;;;;;;0.14;;;;;;;
43;47;1;27;43047001_27_M;2019;1;0.13;;;;;;;;;;;;0.13;;;;;;0.36;;0.24;;;;;;;;0.13;;
43;47;1;27;43047001_27_M;2019;2;;0.14;;;;;;0.14;;;;;;0.37;;;;;;0.24;;;;;;;;;;;
43;47;1;27;43047001_27_M;2019;3;;0.14;;0.14;;;;;;;;0.14;;;;;;;;;;0.15;;0.38;;;;0.14;;;
43;47;1;27;43047001_27_M;2019;4;0.27;;;;;;;;0.14;;;;;;;;0.14;;;;;;;;;;0.14;;0.14;;
43;47;1;27;43047001_27_M;2019;5;;;;;;;0.14;;;;;;0.15;;;;0.14;;;;;;0.14;;0.14;;;;0.14;;
43;47;1;27;43047001_27_M;2019;6;;;;0.14;;;;;;0.14;;;;;;;;0.14;;0.14;;;;;;;;0.14;;;
43;47;1;27;43047001_27_M;2019;7;;;;;;0.14;;;;0.14;;;;;;0.14;;;;;;;;;;0.14;;;;;
43;47;1;27;43047001_27_M;2019;8;0.14;;;;;;;;;;0.14;;0.14;;;;;;0.14;;;;;;;;;;;;
43;47;1;27;43047001_27_M;2019;9;;;;;0.14;;;;;;0.14;;;;;;;;;;0.14;;;;;;;;;;
43;47;1;27;43047001_27_M;2019;10;;;;;;;;0.14;;;;;;0.14;;;;0.14;;0.14;;;;0.14;;;;;;;
43;47;1;27;43047001_27_M;2019;11;;;;;;;;;0.14;;;;0.14;;;;;;;;;;;;;;;;0.14;;
43;47;1;27;43047001_27_M;2019;12;;;;;0.14;;;;0.14;;;;0.14;;;;0.14;;;;;;;;;;;;0.35;;
45;168;2;27;45168002_27_M;2019;1;;;;;;;;;;;;;;;;;;;;;;;;;;;;;;;
45;168;2;27;45168002_27_M;2019;2;;;;;;;;;;;;;;;;;;;;;;;;;;;;;;;
45;168;2;27;45168002_27_M;2019;3;;;;;;;;;;;;;;;;;;;;;;;0.0181;0.0236;0.0167;0.0125;0.032;0.0278;;0.0111;0.0069
45;168;2;27;45168002_27_M;2019;4;0.0209;0.0209;0.0195;0.0278;0.0139;;;;;;;;;;;0.0139;0.0125;0.0042;0.007;0.007;0.0083;0.0125;0.0056;0.0042;;0.0111;0.0167;0.0167;0.0209;;
45;168;2;27;45168002_27_M;2019;5;;;;;;;;;;;0.0056;0.007;0.007;0.0139;0.0167;0.0153;0.0139;0.0111;0.0139;0.0153;0.0487;0.0125;0.0348;0.0153;;;;;;;0.0111
45;168;2;27;45168002_27_M;2019;6;0.0111;0.0111;0.0139;0.0125;0.0125;0.0111;0.0111;0.0139;0.0153;0.0167;0.0111;0.0139;0.0139;;;;;;;;;;;;;;;;;;
45;168;2;27;45168002_27_M;2019;7;;;;;;;;;;;;;;;;;;;;;;;;;;;;;;0.0097;0.0042
45;168;2;27;45168002_27_M;2019;8;0.0056;0.0042;0.0097;0.0139;0.1058;0.0167;0.0083;0.007;0.007;0.007;0.0125;0.0056;;;0.0111;0.0181;0.0139;0.0125;0.0097;0.0056;0.0056;0.007;0.007;0.007;0.0056;0.0014;0.007;0.0056;;;0.007
45;168;2;27;45168002_27_M;2019;9;;0.0028;0.0014;0.0028;0.0014;0.0111;0.0083;0.0014;0.0014;0.0014;0.0056;0.0056;0.0083;;;;;;;;;;;0.0097;0.0083;0.0083;0.0111;0.0453;0.0153;0.0251;
45;168;2;27;45168002_27_M;2019;10;0.0195;0.0097;0.0153;0.0529;0.0278;0.0209;0.0181;;;;0.0097;0.0153;0.0042;0.0014;0.0042;0.0028;0.0181;0.0111;0.0028;0.0083;0.0167;0.0695;0.0139;0.0445;;;;;0.0278;0.0389;0.0139
45;168;2;27;45168002_27_M;2019;11;0.0069;0.0056;0.0014;0.0014;0.0056;0.0222;0.0028;0.0153;0.0222;0.0056;0.0765;;;;;0.0501;0.164;0.0598;0.274;0.2293;0.2516;0.0486;0.0014;0.0361;0.014;0.0292;0.0195;0.0264;0.0264;;
45;168;2;27;45168002_27_M;2019;12;;;;;;0.1822;0.467;0.1835;0.0236;0.0639;0.2043;0.0584;0.0125;0.0389;0.0306;0.064;0.0361;0.1279;0.0111;;;;;;;;;;;;
46;17;2;27;46017002_27_M;2019;1;;;;;;;;;;;;;;;;;;;;;;;;;;;;;;;
46;17;2;27;46017002_27_M;2019;2;;;;;;;;;;;;;;;;;;;;;;;;;;;;;;;
46;17;2;27;46017002_27_M;2019;3;;;;;;;;;;;;;;;;;;;;;;;;;;;;;;;
46;17;2;27;46017002_27_M;2019;4;;;;;;;;;;;;;;;;;;;;;;;;;;;;;;;
46;17;2;27;46017002_27_M;2019;5;;;;;;;;;;;;;;;;;;;;;;;;;;;;;;;
46;17;2;27;46017002_27_M;2019;6;;;;;;;;;;;;;;;;;;;;;;;;;;;;;;;
46;17;2;27;46017002_27_M;2019;7;;;;;;;;;;;0.1;;;;;;;;;;;;;;;;;;;;
46;17;2;27;46017002_27_M;2019;8;;;;;;;;;;;;;;;;;;;;;;;;;;;;;;;
46;17;2;27;46017002_27_M;2019;9;;;;;;;;;;;;;;;;;;;;;;;;;;;;;;;
46;17;2;27;46017002_27_M;2019;10;;;;;;;;;;;;;;;;;;;;;;;;;;;;;;;
46;17;2;27;46017002_27_M;2019;11;;;;;;;;;;;;;;;;;;;;;;;;;;;;;;;
46;17;2;27;46017002_27_M;2019;12;;;;;;;;;;;;;;;;;;;;;;;;;;;;;;;
46;131;2;27;46131002_27_M;2019;1;;;;;;;;;;;;;;;;;;;;;;;;;;;;;;;
46;131;2;27;46131002_27_M;2019;2;;;;;;;;;;;;;;;;;;;;;;;;;;;;;;;
46;131;2;27;46131002_27_M;2019;3;;;;;;;;;;;;;;;;;;;;;;;;;;;;;;;
46;131;2;27;46131002_27_M;2019;4;;;;;;;;;;;;;;;;;;;;;;;;;;;;;;;
46;131;2;27;46131002_27_M;2019;5;;;;;;;;;;;;;;;;;;;;;;;;;;;;;;;
46;131;2;27;46131002_27_M;2019;6;;;;;;;;;;;;;;;;;;;;;;;;;;;;;;;
46;131;2;27;46131002_27_M;2019;9;;;;;;;;;;;;;;;;;;;;;;;;;;;;;;;
46;131;2;27;46131002_27_M;2019;10;;;;;;;;;;;;;;;;;;;;;;;;;;;;;;;
46;131;2;27;46131002_27_M;2019;11;;;;;;;;;;;;;;;;;;;;;;;;;;;;;;;
46;131;2;27;46131002_27_M;2019;12;;;;;;;;;;;;;;;;;;;;;;;;;;;;;;;
46;190;5;27;46190005_27_M;2019;1;;;;;;;;;;;;;;;;;;;;;;;;;;;;;;;
46;190;5;27;46190005_27_M;2019;2;;;;;;;;;;;;;;;;;;;;;;;;;;;;;;;
46;190;5;27;46190005_27_M;2019;3;;;;;;;;;;;;;;;;;;;;;;;;;;;;;;;0.04
46;190;5;27;46190005_27_M;2019;4;;;;;;;;;;;;;;;;;;;;;;;;;;;;;;;
46;190;5;27;46190005_27_M;2019;5;;;;;;;;;;;;;;;;;;;;;;;;;;;;;;;
46;190;5;27;46190005_27_M;2019;6;;;;;;;;;;;;;;;;;;;;;;;;;;;;;;;
46;190;5;27;46190005_27_M;2019;7;;;;;;;;;;;;;;;;;;;;;;;;;;;;;;;
46;131;2;27;46131002_27_M;2019;7;;;;;;;;;;;;;0.04;;;;0.16;;;;0.04;;;;;;;;0.04;;
46;131;2;27;46131002_27_M;2019;8;;;;;;0.04;;;;;;;;;;;;;;;;;;;;;;;;;
46;190;5;27;46190005_27_M;2019;8;;;;;;;;;;;;;;;;;;;;;;;;;;;;;;;
46;190;5;27;46190005_27_M;2019;9;;;;;;;;;;;;;;;;;;;;;;;;;;;;;;;
46;190;5;27;46190005_27_M;2019;10;;;;;;;;;;;;;;;;;;;;;;;;;;;;;;;
46;190;5;27;46190005_27_M;2019;11;;;;;;;;;;;;;;;;;;;;;;;;;;;;;;;
46;190;5;27;46190005_27_M;2019;12;;;;;;;;;;;;;;;;;;;;;;;;;;;;;;;
46;220;9;27;46220009_27_M;2019;1;;;;;;;;;;;;;;;;;;;;;;;;;;;;;;;
46;220;9;27;46220009_27_M;2019;2;;;;;;;;;;;;;;;;;;;;;;;;;;;;;;;
46;220;9;27;46220009_27_M;2019;3;;;;;;;;;;;;;;;;;;;;;;;;;;;;;;;
46;220;9;27;46220009_27_M;2019;4;;;;;;;;;;;;;;;;;;;;;;;;;;;;;;;
46;220;9;27;46220009_27_M;2019;5;;;;;;;;;;;;;;;;;;;;;;;;;;;;;;;
46;220;9;27;46220009_27_M;2019;6;;;;;;;;;;;;;;;;;;;;;;;;;;;;;;;
46;220;9;27;46220009_27_M;2019;7;;;;;0.04;;;;;;;;;;;;0.04;;;;0.04;;;;;;;;;;
46;220;9;27;46220009_27_M;2019;8;;;;;;;;;;;;;;;;;;;;;;;;;;;;;;;
46;220;9;27;46220009_27_M;2019;9;;;;;;;;;;;;;;;;;;;;;;;;;;;;;;;
46;220;9;27;46220009_27_M;2019;10;;;;;;;;;;;;;;;;;;;;;;;;;;;;;;;
46;220;9;27;46220009_27_M;2019;11;;;;;;;;;;;;;;;;;;;;;;;;;;;;;;;
46;220;9;27;46220009_27_M;2019;12;;;;;;;;;;;;;;;;;;;;;;;;;;;;;;;
46;250;50;27;46250050_27_M;2019;1;;;;;;;;;;;;;;;;;;;;;;;;;;;;;;;
46;250;50;27;46250050_27_M;2019;2;;;;;;;;;;;;;;;;;;;;;;;;;;;;;;;
46;250;50;27;46250050_27_M;2019;3;;;;;;;;;;;;;;;;;;;;;;;;;;;;;;;
46;250;50;27;46250050_27_M;2019;4;;;;;;;;;;;;;;;;;;;;;;;;;;;;;;;
46;250;50;27;46250050_27_M;2019;5;;;;;;;;;;;;;;;;;;;;;;;;;;;;;;;
46;250;50;27;46250050_27_M;2019;6;;;;;;;;;;;;;;;;;;;;;;;;;;;;;;;
46;250;50;27;46250050_27_M;2019;7;;;;;0.04;;;;;;;;0.04;;;;0.04;;;;0.04;;;;;;;;;;
46;250;50;27;46250050_27_M;2019;8;;;;;;;;;;;;;;;;;;;;;;;;;;;;;;;
46;250;50;27;46250050_27_M;2019;9;;;;;;;;;;;;;;;;;;;;;;;;;;;;;;;
46;250;50;27;46250050_27_M;2019;10;;;;;;;;;;;;;;;;;;;;;;;;;;;;;;;
46;250;50;27;46250050_27_M;2019;11;;;;;;;;;;;;;;;;;;;;;;;;;;;;;;;
46;250;50;27;46250050_27_M;2019;12;;;;;;;;;;;;;;;;;;;;;;;;;;;;;;;
47;186;27;27;47186027_27_M;2019;1;0.52;0.4;0.51;1.38;1.0;0.77;0.14;0.18;0.52;0.04;0.06;0.1;0.56;0.08;0.04;0.36;0.14;0.6;0.08;0.05;0.25;0.06;;;0.06;0.21;0.04;;0.05;;
47;186;27;27;47186027_27_M;2019;2;;;0.12;0.47;0.34;0.15;0.07;;0.09;;;0.06;0.07;0.06;0.06;0.09;;;0.1;0.38;0.18;;0.17;;0.24;0.3;0.05;0.09;;;
47;186;27;27;47186027_27_M;2019;3;0.16;0.26;0.13;0.04;0.08;0.04;;0.13;0.23;0.12;0.04;0.07;;0.21;0.07;0.05;0.06;0.04;0.05;;;0.05;;;;;0.15;;0.08;0.04;
47;186;27;27;47186027_27_M;2019;4;;;;;;;;;;;;;;;;;;;;;;;;;;;;;;;
47;186;27;27;47186027_27_M;2019;5;;;;;;;;;;;;;;;;;;;;;;;;;;;;;;;
47;186;27;27;47186027_27_M;2019;6;;;;;;;;;;;;;;;;;;;;;;;;;;;;;;;
47;186;27;27;47186027_27_M;2019;7;;;;;;;;;;;;;;;;;;;;;;;;;;;;;;;0.05
47;186;27;27;47186027_27_M;2019;8;0.04;0.04;0.04;0.04;0.04;0.05;0.04;0.08;0.05;;;;;;;;;;0.1;0.12;;;0.11;0.09;0.1;0.08;;0.08;;;
47;186;27;27;47186027_27_M;2019;9;;;;;0.11;;;;;;;;;;;;;;;;;;0.04;;;;;;;;
47;186;27;27;47186027_27_M;2019;10;;;;;;;;;;;0.06;;;0.13;;;;;;;0.04;;;0.04;0.07;0.07;0.111;0.09;0.14;0.09;
47;186;27;27;47186027_27_M;2019;11;;;;;;;;;;0.09;0.12;0.07;;0.05;0.06;0.09;;0.55;0.51;0.29;0.1;0.16;0.07;0.08;0.05;0.04;;;0.33;0.08;
47;186;27;27;47186027_27_M;2019;12;0.06;0.07;;0.33;0.29;0.49;0.17;0.05;0.06;0.22;0.38;;;;;;;0.1;;;;0.04;0.18;0.21;0.23;0.2;0.1;0.39;0.28;0.46;0.22
48;20;6;27;48020006_27_M;2019;1;0.2;0.05;;;;;;;;;;;;;;;;;;;;;;;;;;;;;0.05
48;20;6;27;48020006_27_M;2019;2;;0.05;;0.2;;0.3;;;;0.05;;0.05;;0.05;;0.05;;0.05;;0.1;;0.1;;0.1;;0.1;;;;;
48;20;6;27;48020006_27_M;2019;3;;0.1;;0.1;;0.05;;;;0.05;;0.05;;0.05;;;;0.05;;0.2;;;;;;;;;;0.05;
48;20;6;27;48020006_27_M;2019;4;;;0.05;;0.05;;0.05;;;;0.05;;0.05;;0.05;;;;0.05;;;;0.05;;;;0.05;;;0.05;
48;20;6;27;48020006_27_M;2019;5;;;;0.05;;;;0.05;;;;0.05;;;;0.05;;0.05;;0.05;;;;0.05;;0.05;;0.05;;;0.05
48;20;6;27;48020006_27_M;2019;6;0.05;;;;0.05;;;;0.05;;0.05;;0.05;;0.05;;0.05;;;;0.05;;0.05;;0.05;;;;0.05;;
48;20;6;27;48020006_27_M;2019;9;0.05;;;;0.05;;0.05;;0.05;;;;0.05;;;;0.05;;;;0.05;;;;0.05;;;;0.05;;
48;20;6;27;48020006_27_M;2019;10;0.05;;;;0.05;;;;0.05;;;;0.05;;;;0.05;;0.05;;0.05;;;;0.05;;;;0.2;;
48;20;6;27;48020006_27_M;2019;11;0.05;;;;0.05;;;;0.05;;;;0.05;;0.05;;0.05;;;;0.05;;;;0.05;;;;0.05;;
48;20;6;27;48020006_27_M;2019;12;0.05;;;;0.05;;;;0.05;;;;0.05;;0.05;;0.05;;0.05;;0.05;;;;0.05;;;;0.05;;
48;902;9;27;48902009_27_M;2019;1;0.7;0.4;;;;;;;;;;;;;;;;;;;;;;;;;;;;;0.2
48;902;9;27;48902009_27_M;2019;2;0.1;0.05;;0.2;;0.3;;0.1;;0.05;;0.1;;0.1;;0.1;;0.05;;;;0.2;;0.2;;0.2;;;;;
48;902;9;27;48902009_27_M;2019;3;0.05;0.3;;0.1;;0.1;;0.1;;0.1;;0.1;;0.05;;0.2;;0.05;;0.05;;0.2;;0.05;;;;;;;
48;902;9;27;48902009_27_M;2019;4;;;0.05;;0.05;;0.05;;0.1;;0.05;;;0.05;;;;;;;;;;;;;;;;;
48;902;9;27;48902009_27_M;2019;7;0.05;;;;0.05;;;;0.05;;;;0.05;;;;0.05;;;;0.05;;;;0.05;;0.05;;0.05;;
48;902;9;27;48902009_27_M;2019;8;0.05;;;;0.05;;;;0.05;;0.05;;0.05;;;;0.05;;;;0.05;;;;0.05;;;;0.05;;
48;902;9;27;48902009_27_M;2019;9;0.05;;;;0.05;;;;0.05;;;;0.05;;0.05;;;;;;;;;;;;;;;;
48;902;9;27;48902009_27_M;2019;10;;;;;;;;;;;0.05;;;0.05;;0.05;;0.05;;0.05;;0.05;;0.05;;0.05;;0.05;;0.05;
48;902;9;27;48902009_27_M;2019;11;0.05;;0.05;;0.05;;0.05;;0.05;;0.05;;0.05;;0.05;;0.05;;0.05;;0.05;;;;0.05;;;;0.2;;
48;902;9;27;48902009_27_M;2019;12;0.2;;;;0.3;;;;0.4;;;;0.2;;0.1;;0.1;;;;0.2;;;;0.1;;;;0.2;;
48;902;9;27;48902009_27_M;2019;6;0.05;;0.05;;;;;;;;;;;;;;;;0.05;;0.05;;0.05;;0.05;;0.05;;0.05;;
48;20;6;27;48020006_27_M;2019;7;0.05;;;;0.05;;;;0.05;;;;0.05;;;;0.05;;;;0.05;;;;0.05;;0.05;;0.05;;
48;20;6;27;48020006_27_M;2019;8;0.05;;;;0.05;;;;0.05;;;;0.05;;0.05;;0.05;;;;0.05;;;;0.05;;;;0.05;;
48;902;9;27;48902009_27_M;2019;5;0.05;;;0.05;;;;0.05;;;;0.05;;;;0.05;;0.05;;0.05;;0.05;;0.05;;0.05;;0.05;;0.05;
